backend,seed,run_name,iteration,mean_reward,train_wall_s,total_fps
physx,0,physx_s0,0,-0.562590,0.0000,35964.0
physx,0,physx_s0,1,-0.834922,0.3490,144230.0
physx,0,physx_s0,2,-1.397632,0.6996,141853.0
physx,0,physx_s0,3,-1.896685,1.0481,142716.0
physx,0,physx_s0,4,-2.384995,1.4014,140699.0
physx,0,physx_s0,5,-2.665857,1.7542,140889.0
physx,0,physx_s0,6,-2.900459,2.1095,140234.0
physx,0,physx_s0,7,-3.318476,2.4762,138072.0
physx,0,physx_s0,8,-3.365950,2.8115,148254.0
physx,0,physx_s0,9,-3.649401,3.1506,146606.0
physx,0,physx_s0,10,-3.823272,3.4926,145139.0
physx,0,physx_s0,11,-4.004621,3.8373,144059.0
physx,0,physx_s0,12,-3.954775,4.1814,144294.0
physx,0,physx_s0,13,-4.108127,4.5155,148844.0
physx,0,physx_s0,14,-4.004113,4.8603,144064.0
physx,0,physx_s0,15,-4.325737,5.2030,144975.0
physx,0,physx_s0,16,-4.650609,5.5471,144355.0
physx,0,physx_s0,17,-4.675104,5.8785,149885.0
physx,0,physx_s0,18,-5.380168,6.2163,147021.0
physx,0,physx_s0,19,-5.557279,6.5487,149745.0
physx,0,physx_s0,20,-4.851861,6.8818,149259.0
physx,0,physx_s0,21,-5.398917,7.2206,147008.0
physx,0,physx_s0,22,-5.562991,7.5868,138017.0
physx,0,physx_s0,23,-5.663613,7.9410,140287.0
physx,0,physx_s0,24,-5.876229,8.2743,149230.0
physx,0,physx_s0,25,-5.809422,8.6064,149691.0
physx,0,physx_s0,26,-6.021521,8.9467,145995.0
physx,0,physx_s0,27,-5.706977,9.2886,145338.0
physx,0,physx_s0,28,-6.109691,9.6345,143609.0
physx,0,physx_s0,29,-6.012583,9.9716,147502.0
physx,0,physx_s0,30,-5.184804,10.2998,151267.0
physx,0,physx_s0,31,-5.282393,10.6331,149087.0
physx,0,physx_s0,32,-5.576814,10.9688,148082.0
physx,0,physx_s0,33,-6.151028,11.3124,144792.0
physx,0,physx_s0,34,-6.493186,11.6642,141151.0
physx,0,physx_s0,35,-6.102763,12.0058,145538.0
physx,0,physx_s0,36,-6.052318,12.3432,147174.0
physx,0,physx_s0,37,-5.956520,12.6891,146250.0
physx,0,physx_s0,38,-5.723946,13.0183,150944.0
physx,0,physx_s0,39,-5.294873,13.3530,148520.0
physx,0,physx_s0,40,-5.141881,13.6840,150162.0
physx,0,physx_s0,41,-5.596790,14.0303,143350.0
physx,0,physx_s0,42,-6.083356,14.3676,147335.0
physx,0,physx_s0,43,-5.032571,14.6910,153767.0
physx,0,physx_s0,44,-4.985561,15.0164,152791.0
physx,0,physx_s0,45,-4.673176,15.3520,148115.0
physx,0,physx_s0,46,-2.782036,15.6819,150711.0
physx,0,physx_s0,47,-1.794730,16.0118,150775.0
physx,0,physx_s0,48,-1.557067,16.3413,150906.0
physx,0,physx_s0,49,-0.725334,16.6705,151005.0
physx,0,physx_s0,50,-1.724671,16.9939,153701.0
physx,0,physx_s0,51,-1.566784,17.3223,152297.0
physx,0,physx_s0,52,-1.011477,17.6501,151547.0
physx,0,physx_s0,53,-0.238865,18.0065,139395.0
physx,0,physx_s0,54,0.377441,18.3634,139071.0
physx,0,physx_s0,55,1.234972,18.7019,146741.0
physx,0,physx_s0,56,1.231647,19.0410,146453.0
physx,0,physx_s0,57,0.874251,19.3738,149359.0
physx,0,physx_s0,58,2.061053,19.7058,149740.0
physx,0,physx_s0,59,1.104076,20.0463,145825.0
physx,0,physx_s0,60,1.675223,20.4022,139640.0
physx,0,physx_s0,61,3.001816,20.7398,147186.0
physx,0,physx_s0,62,2.876310,21.0727,149211.0
physx,0,physx_s0,63,2.138751,21.4152,144975.0
physx,0,physx_s0,64,1.552938,21.7542,146560.0
physx,0,physx_s0,65,2.071679,22.0940,146153.0
physx,0,physx_s0,66,3.201474,22.4284,148512.0
physx,0,physx_s0,67,3.992597,22.7651,147440.0
physx,0,physx_s0,68,4.592764,23.1006,150826.0
physx,0,physx_s0,69,3.721679,23.4434,144871.0
physx,0,physx_s0,70,3.725327,23.7779,148616.0
physx,0,physx_s0,71,4.209321,24.1228,144036.0
physx,0,physx_s0,72,5.335930,24.4610,146836.0
physx,0,physx_s0,73,6.025746,24.8033,145051.0
physx,0,physx_s0,74,5.406436,25.1426,146582.0
physx,0,physx_s0,75,5.027027,25.4806,146992.0
physx,0,physx_s0,76,4.871098,25.8176,147515.0
physx,0,physx_s0,77,6.155718,26.1564,146610.0
physx,0,physx_s0,78,6.897693,26.5058,142096.0
physx,0,physx_s0,79,6.302751,26.8501,144294.0
physx,0,physx_s0,80,6.108133,27.1855,148086.0
physx,0,physx_s0,81,5.267419,27.5136,151540.0
physx,0,physx_s0,82,5.432619,27.8492,148059.0
physx,0,physx_s0,83,6.597989,28.1950,143666.0
physx,0,physx_s0,84,7.455190,28.5403,143859.0
physx,0,physx_s0,85,7.446453,28.8702,150703.0
physx,0,physx_s0,86,6.914056,29.2069,147510.0
physx,0,physx_s0,87,6.770216,29.5471,145965.0
physx,0,physx_s0,88,7.233147,29.8802,149082.0
physx,0,physx_s0,89,6.773997,30.2205,145940.0
physx,0,physx_s0,90,6.936356,30.5626,145141.0
physx,0,physx_s0,91,6.864102,30.9067,144322.0
physx,0,physx_s0,92,7.982576,31.2545,142728.0
physx,0,physx_s0,93,8.386120,31.5992,143967.0
physx,0,physx_s0,94,8.650132,31.9553,139470.0
physx,0,physx_s0,95,8.044245,32.2981,144965.0
physx,0,physx_s0,96,8.466739,32.6416,146640.0
physx,0,physx_s0,97,8.408184,32.9994,138848.0
physx,0,physx_s0,98,8.175397,33.3406,145779.0
physx,0,physx_s0,99,8.259111,33.6790,146932.0
physx,0,physx_s0,100,8.733517,34.0179,146734.0
physx,0,physx_s0,101,9.973575,34.3579,147238.0
physx,0,physx_s0,102,10.269287,34.6960,147036.0
physx,0,physx_s0,103,9.937573,35.0349,146658.0
physx,0,physx_s0,104,9.093961,35.3807,143954.0
physx,0,physx_s0,105,9.794492,35.7258,144027.0
physx,0,physx_s0,106,9.474240,36.0725,143279.0
physx,0,physx_s0,107,9.204237,36.4129,145967.0
physx,0,physx_s0,108,9.429784,36.7541,145540.0
physx,0,physx_s0,109,9.285627,37.0955,145453.0
physx,0,physx_s0,110,10.167824,37.4382,144882.0
physx,0,physx_s0,111,10.207566,37.7827,144090.0
physx,0,physx_s0,112,8.894228,38.1308,142603.0
physx,0,physx_s0,113,9.046268,38.4711,145989.0
physx,0,physx_s0,114,9.733720,38.8108,146348.0
physx,0,physx_s0,115,9.698950,39.1468,147986.0
physx,0,physx_s0,116,9.565817,39.4884,145509.0
physx,0,physx_s0,117,9.794621,39.8322,144567.0
physx,0,physx_s0,118,10.828640,40.1743,145170.0
physx,0,physx_s0,119,11.682990,40.5159,145399.0
physx,0,physx_s0,120,11.213120,40.8558,146165.0
physx,0,physx_s0,121,10.727793,41.1987,144926.0
physx,0,physx_s0,122,11.453083,41.5423,144520.0
physx,0,physx_s0,123,10.592330,41.8758,148930.0
physx,0,physx_s0,124,10.205568,42.2175,145345.0
physx,0,physx_s0,125,11.487954,42.5624,143918.0
physx,0,physx_s0,126,11.370562,42.9033,145715.0
physx,0,physx_s0,127,10.868458,43.2400,147456.0
physx,0,physx_s0,128,11.644148,43.5853,143755.0
physx,0,physx_s0,129,11.669211,43.9316,143498.0
physx,0,physx_s0,130,11.621763,44.2680,147797.0
physx,0,physx_s0,131,11.769942,44.6112,144811.0
physx,0,physx_s0,132,12.081046,44.9583,143198.0
physx,0,physx_s0,133,12.463074,45.2971,146695.0
physx,0,physx_s0,134,11.692076,45.6473,141825.0
physx,0,physx_s0,135,12.705065,45.9856,146847.0
physx,0,physx_s0,136,13.302197,46.3309,143785.0
physx,0,physx_s0,137,12.418705,46.6638,149129.0
physx,0,physx_s0,138,11.229418,47.0007,147457.0
physx,0,physx_s0,139,11.342081,47.3436,144792.0
physx,0,physx_s0,140,11.789710,47.6851,145394.0
physx,0,physx_s0,141,12.131242,48.0243,146435.0
physx,0,physx_s0,142,11.723121,48.3745,142004.0
physx,0,physx_s0,143,11.859467,48.7508,132280.0
physx,0,physx_s0,144,12.236486,49.1163,135841.0
physx,0,physx_s0,145,12.454720,49.4681,141132.0
physx,0,physx_s0,146,13.016991,49.8264,138641.0
physx,0,physx_s0,147,12.785680,50.1746,142628.0
physx,0,physx_s0,148,12.826349,50.5153,145758.0
physx,0,physx_s0,149,14.175203,50.8527,147340.0
physx,0,physx_s0,150,12.809988,51.1931,146052.0
physx,0,physx_s0,151,13.834867,51.5324,147658.0
physx,0,physx_s0,152,13.840474,51.8683,148020.0
physx,0,physx_s0,153,13.669893,52.2084,146171.0
physx,0,physx_s0,154,13.805291,52.5551,143322.0
physx,0,physx_s0,155,13.641312,52.8935,147154.0
physx,0,physx_s0,156,13.154929,53.2357,145315.0
physx,0,physx_s0,157,14.162540,53.5769,145636.0
physx,0,physx_s0,158,14.517484,53.9240,143144.0
physx,0,physx_s0,159,14.171200,54.2626,146824.0
physx,0,physx_s0,160,14.226248,54.6001,147313.0
physx,0,physx_s0,161,13.072857,54.9437,144696.0
physx,0,physx_s0,162,13.868828,55.2809,147398.0
physx,0,physx_s0,163,15.154271,55.6132,149591.0
physx,0,physx_s0,164,15.238557,55.9507,147296.0
physx,0,physx_s0,165,14.674218,56.2870,147812.0
physx,0,physx_s0,166,15.088812,56.6267,146381.0
physx,0,physx_s0,167,15.135390,56.9660,146578.0
physx,0,physx_s0,168,15.375973,57.2987,149417.0
physx,0,physx_s0,169,15.767085,57.6388,146098.0
physx,0,physx_s0,170,16.043818,57.9826,144607.0
physx,0,physx_s0,171,16.085072,58.3203,147300.0
physx,0,physx_s0,172,16.638645,58.6639,144635.0
physx,0,physx_s0,173,16.869516,59.0073,144734.0
physx,0,physx_s0,174,16.021746,59.3714,136469.0
physx,0,physx_s0,175,15.133953,59.7212,142042.0
physx,0,physx_s0,176,15.974614,60.0569,148092.0
physx,0,physx_s0,177,17.009172,60.3991,145194.0
physx,0,physx_s0,178,17.357990,60.7570,138810.0
physx,0,physx_s0,179,16.876284,61.1001,144935.0
physx,0,physx_s0,180,16.426809,61.4428,145046.0
physx,0,physx_s0,181,16.773872,61.7891,143570.0
physx,0,physx_s0,182,17.773756,62.1356,143676.0
physx,0,physx_s0,183,17.886068,62.4866,141631.0
physx,0,physx_s0,184,17.893906,62.8425,139627.0
physx,0,physx_s0,185,17.796726,63.1890,143391.0
physx,0,physx_s0,186,17.684986,63.5416,140982.0
physx,0,physx_s0,187,17.492641,63.9023,137821.0
physx,0,physx_s0,188,18.983370,64.2599,138812.0
physx,0,physx_s0,189,19.781317,64.6110,141374.0
physx,0,physx_s0,190,19.358377,64.9634,140815.0
physx,0,physx_s0,191,18.656504,65.3120,142543.0
physx,0,physx_s0,192,18.905222,65.6642,142876.0
physx,0,physx_s0,193,18.994255,66.0042,146226.0
physx,0,physx_s0,194,18.799417,66.3450,145688.0
physx,0,physx_s0,195,19.805254,66.6847,146123.0
physx,0,physx_s0,196,19.771431,67.0248,145999.0
physx,0,physx_s0,197,20.277657,67.3659,145553.0
physx,0,physx_s0,198,19.951559,67.7043,146876.0
physx,0,physx_s0,199,19.582430,68.0464,145294.0
physx,0,physx_s0,200,20.086798,68.3871,145847.0
physx,0,physx_s0,201,19.915974,68.7300,145747.0
physx,0,physx_s0,202,20.356916,69.0797,144618.0
physx,0,physx_s0,203,20.565113,69.4232,144596.0
physx,0,physx_s0,204,20.771698,69.7677,144150.0
physx,0,physx_s0,205,21.567518,70.1003,149444.0
physx,0,physx_s0,206,21.048410,70.4360,148000.0
physx,0,physx_s0,207,21.100151,70.7772,145505.0
physx,0,physx_s0,208,21.491285,71.1135,147624.0
physx,0,physx_s0,209,22.473391,71.4510,147133.0
physx,0,physx_s0,210,22.490192,71.7803,150749.0
physx,0,physx_s0,211,21.350969,72.1182,147045.0
physx,0,physx_s0,212,22.782221,72.4609,144954.0
physx,0,physx_s0,213,22.890772,72.7921,149918.0
physx,0,physx_s0,214,22.780544,73.1304,146836.0
physx,0,physx_s0,215,23.865211,73.4717,145813.0
physx,0,physx_s0,216,24.163668,73.8117,146146.0
physx,0,physx_s0,217,23.266411,74.1569,146753.0
physx,0,physx_s0,218,22.194874,74.4959,146552.0
physx,0,physx_s0,219,22.428356,74.8509,139915.0
physx,0,physx_s0,220,22.565634,75.2025,141363.0
physx,0,physx_s0,221,22.783810,75.5457,144668.0
physx,0,physx_s0,222,22.819876,75.8868,145796.0
physx,0,physx_s0,223,24.022036,76.2264,146341.0
physx,0,physx_s0,224,24.853823,76.5752,142732.0
physx,0,physx_s0,225,24.888042,76.9239,142411.0
physx,0,physx_s0,226,24.771317,77.2755,141593.0
physx,0,physx_s0,227,24.851738,77.6298,140050.0
physx,0,physx_s0,228,25.449322,77.9749,144319.0
physx,0,physx_s0,229,25.909620,78.3236,142382.0
physx,0,physx_s0,230,25.598736,78.6726,142490.0
physx,0,physx_s0,231,24.525955,79.0260,140524.0
physx,0,physx_s0,232,24.742367,79.3808,139906.0
physx,0,physx_s0,233,25.803276,79.7334,140833.0
physx,0,physx_s0,234,26.076674,80.0899,139393.0
physx,0,physx_s0,235,25.516010,80.4360,143478.0
physx,0,physx_s0,236,25.618462,80.7948,138346.0
physx,0,physx_s0,237,25.926565,81.1449,142091.0
physx,0,physx_s0,238,25.862139,81.4915,143214.0
physx,0,physx_s0,239,26.323893,81.8538,136960.0
physx,0,physx_s0,240,25.643576,82.2010,143024.0
physx,0,physx_s0,241,25.983885,82.5508,141986.0
physx,0,physx_s0,242,26.880190,82.9150,139763.0
physx,0,physx_s0,243,26.766050,83.2799,136052.0
physx,0,physx_s0,244,26.834553,83.6664,128471.0
physx,0,physx_s0,245,27.070107,84.0659,124314.0
physx,0,physx_s0,246,26.491478,84.4762,120901.0
physx,0,physx_s0,247,25.685163,84.9228,111089.0
physx,0,physx_s0,248,26.656778,85.3709,110959.0
physx,0,physx_s0,249,26.779388,85.8247,109400.0
physx,0,physx_s0,250,26.750917,86.2806,108933.0
physx,0,physx_s0,251,26.783749,86.7519,105879.0
physx,0,physx_s0,252,27.092575,87.2039,109723.0
physx,0,physx_s0,253,27.110863,87.6207,119018.0
physx,0,physx_s0,254,27.345478,88.0136,126236.0
physx,0,physx_s0,255,27.330345,88.3985,129007.0
physx,0,physx_s0,256,27.693729,88.8086,121109.0
physx,0,physx_s0,257,27.645836,89.2256,118889.0
physx,0,physx_s0,258,27.346270,89.6013,132209.0
physx,0,physx_s0,259,27.430861,89.9730,133573.0
physx,0,physx_s0,260,28.027014,90.3560,129563.0
physx,0,physx_s0,261,27.845201,90.7147,138330.0
physx,0,physx_s0,262,27.722532,91.0654,141568.0
physx,0,physx_s0,263,28.430820,91.4158,141732.0
physx,0,physx_s0,264,28.901880,91.7693,140521.0
physx,0,physx_s0,265,28.309856,92.1258,139230.0
physx,0,physx_s0,266,27.761393,92.4932,135526.0
physx,0,physx_s0,267,27.913424,92.8548,137323.0
physx,0,physx_s0,268,27.256392,93.2037,142246.0
physx,0,physx_s0,269,27.976049,93.5744,133888.0
physx,0,physx_s0,270,28.680428,93.9316,139146.0
physx,0,physx_s0,271,28.159290,94.2792,143231.0
physx,0,physx_s0,272,28.676147,94.6525,133111.0
physx,0,physx_s0,273,28.549025,94.9984,143579.0
physx,0,physx_s0,274,28.773363,95.3465,142640.0
physx,0,physx_s0,275,28.374754,95.6875,145756.0
physx,0,physx_s0,276,28.698744,96.0425,139864.0
physx,0,physx_s0,277,29.275785,96.3912,142441.0
physx,0,physx_s0,278,29.138807,96.7430,141176.0
physx,0,physx_s0,279,29.272682,97.0912,142759.0
physx,0,physx_s0,280,29.540575,97.4492,138621.0
physx,0,physx_s0,281,28.918884,97.8040,140042.0
physx,0,physx_s0,282,28.755878,98.1565,140871.0
physx,0,physx_s0,283,29.319950,98.5209,136228.0
physx,0,physx_s0,284,29.332172,98.8784,138912.0
physx,0,physx_s0,285,29.116703,99.2384,137979.0
physx,0,physx_s0,286,29.351309,99.6091,134115.0
physx,0,physx_s0,287,29.924091,99.9708,137209.0
physx,0,physx_s0,288,29.847273,100.3278,140960.0
physx,0,physx_s0,289,29.082535,100.7082,130771.0
physx,0,physx_s0,290,29.404631,101.0724,136386.0
physx,0,physx_s0,291,29.629665,101.4392,135301.0
physx,0,physx_s0,292,29.820696,101.8008,137240.0
physx,0,physx_s0,293,29.949551,102.1340,149134.0
physx,0,physx_s0,294,30.036583,102.4882,140244.0
physx,0,physx_s0,295,29.950138,102.8464,138709.0
physx,0,physx_s0,296,30.183266,103.2054,138258.0
physx,0,physx_s0,297,30.460062,103.5707,135932.0
physx,0,physx_s0,298,30.297230,103.9359,135933.0
physx,0,physx_s0,299,30.195993,104.2967,137610.0
physx,1,physx_s1,0,-0.589587,0.0000,33315.0
physx,1,physx_s1,1,-0.907227,0.3460,144861.0
physx,1,physx_s1,2,-1.444373,0.6819,147859.0
physx,1,physx_s1,3,-2.331150,1.0301,142577.0
physx,1,physx_s1,4,-3.078420,1.3735,144702.0
physx,1,physx_s1,5,-3.652301,1.7120,146732.0
physx,1,physx_s1,6,-4.299592,2.0520,146158.0
physx,1,physx_s1,7,-4.832953,2.4145,137102.0
physx,1,physx_s1,8,-4.609334,2.7726,138862.0
physx,1,physx_s1,9,-4.634434,3.1104,147203.0
physx,1,physx_s1,10,-5.014595,3.4557,143938.0
physx,1,physx_s1,11,-5.313988,3.8035,142888.0
physx,1,physx_s1,12,-5.255594,4.1613,138884.0
physx,1,physx_s1,13,-5.163900,4.4976,147810.0
physx,1,physx_s1,14,-5.077788,4.8498,141116.0
physx,1,physx_s1,15,-5.300188,5.1935,144566.0
physx,1,physx_s1,16,-5.419059,5.5228,150945.0
physx,1,physx_s1,17,-5.815979,5.8873,136146.0
physx,1,physx_s1,18,-5.686387,6.2657,131360.0
physx,1,physx_s1,19,-5.608969,6.6090,144770.0
physx,1,physx_s1,20,-5.327157,6.9350,152403.0
physx,1,physx_s1,21,-5.473612,7.2797,144138.0
physx,1,physx_s1,22,-5.486481,7.6143,148486.0
physx,1,physx_s1,23,-5.198028,7.9499,148090.0
physx,1,physx_s1,24,-5.410902,8.2890,146485.0
physx,1,physx_s1,25,-5.635443,8.6372,142990.0
physx,1,physx_s1,26,-5.822943,8.9866,142070.0
physx,1,physx_s1,27,-5.746748,9.3642,131430.0
physx,1,physx_s1,28,-6.324176,9.7121,142797.0
physx,1,physx_s1,29,-6.583018,10.0425,150277.0
physx,1,physx_s1,30,-6.810943,10.3993,139237.0
physx,1,physx_s1,31,-6.669417,10.7516,141114.0
physx,1,physx_s1,32,-5.758948,11.0971,143830.0
physx,1,physx_s1,33,-5.379554,11.4271,150637.0
physx,1,physx_s1,34,-4.907208,11.7504,153728.0
physx,1,physx_s1,35,-5.046731,12.0787,151369.0
physx,1,physx_s1,36,-5.948802,12.4104,149834.0
physx,1,physx_s1,37,-6.305407,12.7469,147651.0
physx,1,physx_s1,38,-6.374798,13.0876,145810.0
physx,1,physx_s1,39,-6.518076,13.4234,148017.0
physx,1,physx_s1,40,-6.635546,13.7509,151713.0
physx,1,physx_s1,41,-6.054394,14.0659,157710.0
physx,1,physx_s1,42,-5.349840,14.4041,146837.0
physx,1,physx_s1,43,-5.531259,14.7418,147067.0
physx,1,physx_s1,44,-5.060820,15.0809,146440.0
physx,1,physx_s1,45,-3.129794,15.4284,143065.0
physx,1,physx_s1,46,-2.874130,15.7704,145203.0
physx,1,physx_s1,47,-1.168762,16.1164,146206.0
physx,1,physx_s1,48,-1.572708,16.4480,149940.0
physx,1,physx_s1,49,-0.839388,16.7901,145158.0
physx,1,physx_s1,50,-0.361831,17.1254,148132.0
physx,1,physx_s1,51,-1.344825,17.4564,151265.0
physx,1,physx_s1,52,-0.960266,17.7965,146195.0
physx,1,physx_s1,53,-0.273390,18.1360,146319.0
physx,1,physx_s1,54,0.333075,18.4704,148544.0
physx,1,physx_s1,55,1.103280,18.8018,149911.0
physx,1,physx_s1,56,0.231702,19.1309,150940.0
physx,1,physx_s1,57,0.118565,19.4687,147046.0
physx,1,physx_s1,58,0.255823,19.8014,149345.0
physx,1,physx_s1,59,0.743958,20.1511,141970.0
physx,1,physx_s1,60,1.950148,20.5033,140936.0
physx,1,physx_s1,61,2.507325,20.8374,148781.0
physx,1,physx_s1,62,1.393899,21.1605,153870.0
physx,1,physx_s1,63,2.341345,21.5129,140880.0
physx,1,physx_s1,64,2.622909,21.8428,150647.0
physx,1,physx_s1,65,2.633388,22.1760,149107.0
physx,1,physx_s1,66,2.233773,22.5066,150211.0
physx,1,physx_s1,67,2.012409,22.8410,148553.0
physx,1,physx_s1,68,2.488559,23.1680,152086.0
physx,1,physx_s1,69,3.323372,23.5005,149509.0
physx,1,physx_s1,70,3.386720,23.8322,149744.0
physx,1,physx_s1,71,4.068500,24.1705,146754.0
physx,1,physx_s1,72,3.662122,24.5124,145494.0
physx,1,physx_s1,73,4.817093,24.8442,149669.0
physx,1,physx_s1,74,6.057284,25.1883,144310.0
physx,1,physx_s1,75,6.141217,25.5156,151766.0
physx,1,physx_s1,76,6.092826,25.8564,148457.0
physx,1,physx_s1,77,5.124360,26.1941,147093.0
physx,1,physx_s1,78,5.295467,26.5213,151889.0
physx,1,physx_s1,79,4.955195,26.8746,140749.0
physx,1,physx_s1,80,4.871197,27.2235,142513.0
physx,1,physx_s1,81,5.369448,27.5554,149703.0
physx,1,physx_s1,82,6.378361,27.8909,148178.0
physx,1,physx_s1,83,7.198351,28.2161,152870.0
physx,1,physx_s1,84,7.427015,28.5503,148747.0
physx,1,physx_s1,85,6.657654,28.8939,144624.0
physx,1,physx_s1,86,7.264888,29.2294,148176.0
physx,1,physx_s1,87,8.147333,29.5716,145348.0
physx,1,physx_s1,88,7.940873,29.9124,145690.0
physx,1,physx_s1,89,7.945294,30.2545,145269.0
physx,1,physx_s1,90,7.161095,30.5983,147310.0
physx,1,physx_s1,91,8.809217,30.9436,143795.0
physx,1,physx_s1,92,7.599762,31.2827,146420.0
physx,1,physx_s1,93,6.839482,31.6273,144104.0
physx,1,physx_s1,94,7.923368,31.9784,141564.0
physx,1,physx_s1,95,7.666563,32.3220,144696.0
physx,1,physx_s1,96,6.835840,32.6887,136923.0
physx,1,physx_s1,97,7.827855,33.0371,142566.0
physx,1,physx_s1,98,8.869352,33.3725,148076.0
physx,1,physx_s1,99,8.224406,33.7227,141735.0
physx,1,physx_s1,100,8.575508,34.0713,142437.0
physx,1,physx_s1,101,8.443511,34.4270,140497.0
physx,1,physx_s1,102,8.754795,34.7769,141920.0
physx,1,physx_s1,103,8.515707,35.1170,145995.0
physx,1,physx_s1,104,8.517104,35.4584,145484.0
physx,1,physx_s1,105,9.280880,35.8050,143298.0
physx,1,physx_s1,106,9.810992,36.1468,145258.0
physx,1,physx_s1,107,9.684498,36.4920,143807.0
physx,1,physx_s1,108,9.569315,36.8494,139064.0
physx,1,physx_s1,109,9.360927,37.2098,137825.0
physx,1,physx_s1,110,9.288505,37.5574,142807.0
physx,1,physx_s1,111,9.979144,37.8970,146305.0
physx,1,physx_s1,112,10.357182,38.2332,147938.0
physx,1,physx_s1,113,9.837997,38.5738,145788.0
physx,1,physx_s1,114,9.852898,38.9150,145587.0
physx,1,physx_s1,115,9.922300,39.2709,139511.0
physx,1,physx_s1,116,9.819070,39.6155,144097.0
physx,1,physx_s1,117,10.491052,39.9586,144845.0
physx,1,physx_s1,118,10.421508,40.2946,148026.0
physx,1,physx_s1,119,9.975910,40.6321,147176.0
physx,1,physx_s1,120,11.173223,40.9765,147061.0
physx,1,physx_s1,121,11.374452,41.3274,141705.0
physx,1,physx_s1,122,10.761150,41.6718,144167.0
physx,1,physx_s1,123,10.399479,42.0087,147404.0
physx,1,physx_s1,124,10.300767,42.3423,148868.0
physx,1,physx_s1,125,10.525443,42.6860,144470.0
physx,1,physx_s1,126,10.815994,43.0250,146508.0
physx,1,physx_s1,127,11.093439,43.3657,145789.0
physx,1,physx_s1,128,12.481211,43.7083,144897.0
physx,1,physx_s1,129,11.874047,44.0526,144397.0
physx,1,physx_s1,130,10.889045,44.4197,135290.0
physx,1,physx_s1,131,12.108581,44.7729,140568.0
physx,1,physx_s1,132,12.561549,45.1181,144071.0
physx,1,physx_s1,133,12.187425,45.4577,146233.0
physx,1,physx_s1,134,11.497214,45.8015,144430.0
physx,1,physx_s1,135,11.277132,46.1528,141413.0
physx,1,physx_s1,136,11.648191,46.4908,147136.0
physx,1,physx_s1,137,11.348726,46.8398,142399.0
physx,1,physx_s1,138,10.821721,47.1818,145189.0
physx,1,physx_s1,139,10.994776,47.5227,145733.0
physx,1,physx_s1,140,11.094847,47.8624,146154.0
physx,1,physx_s1,141,11.471602,48.2049,144957.0
physx,1,physx_s1,142,11.976133,48.5460,145592.0
physx,1,physx_s1,143,11.965045,48.8897,144526.0
physx,1,physx_s1,144,11.699575,49.2365,143229.0
physx,1,physx_s1,145,11.537951,49.5699,148916.0
physx,1,physx_s1,146,11.742237,49.9022,149495.0
physx,1,physx_s1,147,11.887794,50.2341,149651.0
physx,1,physx_s1,148,12.670495,50.5755,145590.0
physx,1,physx_s1,149,11.971705,50.9207,143873.0
physx,1,physx_s1,150,11.371844,51.2602,146302.0
physx,1,physx_s1,151,12.069364,51.6044,145312.0
physx,1,physx_s1,152,13.082115,51.9438,146273.0
physx,1,physx_s1,153,12.799982,52.2851,145880.0
physx,1,physx_s1,154,12.180243,52.6239,146577.0
physx,1,physx_s1,155,11.341798,52.9574,148973.0
physx,1,physx_s1,156,11.565213,53.3001,144879.0
physx,1,physx_s1,157,11.565685,53.6379,146990.0
physx,1,physx_s1,158,13.030077,53.9732,148146.0
physx,1,physx_s1,159,12.790050,54.3174,144215.0
physx,1,physx_s1,160,13.670980,54.6592,145251.0
physx,1,physx_s1,161,13.656310,54.9866,151716.0
physx,1,physx_s1,162,13.755219,55.3263,146224.0
physx,1,physx_s1,163,13.414695,55.6679,145390.0
physx,1,physx_s1,164,13.180236,56.0165,142614.0
physx,1,physx_s1,165,13.144204,56.3615,143865.0
physx,1,physx_s1,166,13.387989,56.6916,150424.0
physx,1,physx_s1,167,13.137781,57.0364,144010.0
physx,1,physx_s1,168,12.590500,57.3878,141215.0
physx,1,physx_s1,169,13.484694,57.7251,147204.0
physx,1,physx_s1,170,14.143229,58.0653,146116.0
physx,1,physx_s1,171,13.195014,58.4027,147262.0
physx,1,physx_s1,172,12.993802,58.7425,146191.0
physx,1,physx_s1,173,13.173816,59.0790,147570.0
physx,1,physx_s1,174,12.651107,59.4226,144535.0
physx,1,physx_s1,175,13.536008,59.7636,145688.0
physx,1,physx_s1,176,13.751119,60.1113,142957.0
physx,1,physx_s1,177,12.966341,60.4667,139831.0
physx,1,physx_s1,178,13.291201,60.8157,142284.0
physx,1,physx_s1,179,13.847736,61.1755,138306.0
physx,1,physx_s1,180,13.885525,61.5239,142554.0
physx,1,physx_s1,181,14.174045,61.8638,146118.0
physx,1,physx_s1,182,14.557057,62.2088,144116.0
physx,1,physx_s1,183,12.819902,62.5434,148408.0
physx,1,physx_s1,184,13.301152,62.8810,147203.0
physx,1,physx_s1,185,13.780346,63.2199,146666.0
physx,1,physx_s1,186,14.012643,63.5672,143077.0
physx,1,physx_s1,187,13.371474,63.9024,148270.0
physx,1,physx_s1,188,13.293226,64.2429,145901.0
physx,1,physx_s1,189,13.715691,64.5866,144560.0
physx,1,physx_s1,190,13.374912,64.9373,141693.0
physx,1,physx_s1,191,14.002967,65.2882,141617.0
physx,1,physx_s1,192,13.780946,65.6321,145909.0
physx,1,physx_s1,193,13.685324,65.9638,149759.0
physx,1,physx_s1,194,14.221600,66.3055,145368.0
physx,1,physx_s1,195,14.225868,66.6433,147049.0
physx,1,physx_s1,196,14.521824,66.9757,149435.0
physx,1,physx_s1,197,13.661676,67.3024,152071.0
physx,1,physx_s1,198,13.482892,67.6361,149036.0
physx,1,physx_s1,199,14.647964,67.9904,142720.0
physx,1,physx_s1,200,14.557176,68.3205,150537.0
physx,1,physx_s1,201,15.229614,68.6591,147693.0
physx,1,physx_s1,202,15.309264,69.0058,143237.0
physx,1,physx_s1,203,15.194363,69.3400,148611.0
physx,1,physx_s1,204,14.867749,69.6787,146628.0
physx,1,physx_s1,205,14.824951,70.0226,144608.0
physx,1,physx_s1,206,14.726135,70.3739,141566.0
physx,1,physx_s1,207,14.209208,70.7139,146086.0
physx,1,physx_s1,208,13.553971,71.0432,150851.0
physx,1,physx_s1,209,14.500397,71.3808,147140.0
physx,1,physx_s1,210,15.831372,71.7210,146141.0
physx,1,physx_s1,211,15.643463,72.0605,146317.0
physx,1,physx_s1,212,16.418613,72.4119,141360.0
physx,1,physx_s1,213,15.721413,72.7573,143774.0
physx,1,physx_s1,214,14.560901,73.1143,141567.0
physx,1,physx_s1,215,15.188690,73.4526,146911.0
physx,1,physx_s1,216,15.198901,73.7934,145799.0
physx,1,physx_s1,217,15.452777,74.1333,146155.0
physx,1,physx_s1,218,15.790875,74.4741,145885.0
physx,1,physx_s1,219,15.277958,74.8158,145314.0
physx,1,physx_s1,220,15.433354,75.1589,144751.0
physx,1,physx_s1,221,15.205518,75.5060,143139.0
physx,1,physx_s1,222,14.971288,75.8588,140815.0
physx,1,physx_s1,223,15.631519,76.2212,136910.0
physx,1,physx_s1,224,16.256369,76.5686,142988.0
physx,1,physx_s1,225,16.541212,76.9182,142034.0
physx,1,physx_s1,226,16.281540,77.2609,144973.0
physx,1,physx_s1,227,16.100197,77.6135,140790.0
physx,1,physx_s1,228,16.726856,77.9475,148693.0
physx,1,physx_s1,229,15.922549,78.2897,147905.0
physx,1,physx_s1,230,16.045437,78.6288,146559.0
physx,1,physx_s1,231,16.406778,78.9722,144604.0
physx,1,physx_s1,232,17.138098,79.3224,141801.0
physx,1,physx_s1,233,17.832003,79.6663,144373.0
physx,1,physx_s1,234,18.300467,80.0119,143684.0
physx,1,physx_s1,235,18.053881,80.3452,149181.0
physx,1,physx_s1,236,17.573465,80.6846,146561.0
physx,1,physx_s1,237,16.780468,81.0345,141922.0
physx,1,physx_s1,238,16.668226,81.3764,145273.0
physx,1,physx_s1,239,16.807354,81.7090,149361.0
physx,1,physx_s1,240,17.460672,82.0616,140894.0
physx,1,physx_s1,241,17.725096,82.4025,145666.0
physx,1,physx_s1,242,17.147793,82.7381,148000.0
physx,1,physx_s1,243,16.978991,83.0734,148076.0
physx,1,physx_s1,244,17.145790,83.4126,146453.0
physx,1,physx_s1,245,17.339479,83.7528,146098.0
physx,1,physx_s1,246,16.747328,84.0983,143818.0
physx,1,physx_s1,247,17.241991,84.4426,144166.0
physx,1,physx_s1,248,17.764940,84.7791,147689.0
physx,1,physx_s1,249,18.200808,85.1223,144865.0
physx,1,physx_s1,250,17.865511,85.4528,150235.0
physx,1,physx_s1,251,17.189072,85.7847,150709.0
physx,1,physx_s1,252,16.991930,86.1219,147282.0
physx,1,physx_s1,253,17.769556,86.4727,141607.0
physx,1,physx_s1,254,17.081327,86.8112,146715.0
physx,1,physx_s1,255,19.009398,87.1546,144704.0
physx,1,physx_s1,256,17.569176,87.5028,142786.0
physx,1,physx_s1,257,18.223045,87.8394,147574.0
physx,1,physx_s1,258,17.860172,88.1790,146382.0
physx,1,physx_s1,259,17.084885,88.5209,145292.0
physx,1,physx_s1,260,17.704414,88.8557,148380.0
physx,1,physx_s1,261,18.735525,89.1916,147993.0
physx,1,physx_s1,262,19.454744,89.5352,144747.0
physx,1,physx_s1,263,20.214983,89.8818,143364.0
physx,1,physx_s1,264,19.295528,90.2259,144424.0
physx,1,physx_s1,265,18.576332,90.5590,149076.0
physx,1,physx_s1,266,18.870518,90.9065,143022.0
physx,1,physx_s1,267,19.645140,91.2533,143371.0
physx,1,physx_s1,268,19.199924,91.6016,142681.0
physx,1,physx_s1,269,19.357380,91.9555,140644.0
physx,1,physx_s1,270,18.946012,92.3169,137483.0
physx,1,physx_s1,271,19.568483,92.6846,135069.0
physx,1,physx_s1,272,19.877052,93.0388,140162.0
physx,1,physx_s1,273,19.461355,93.3854,143218.0
physx,1,physx_s1,274,19.603369,93.7289,144650.0
physx,1,physx_s1,275,20.172628,94.0805,143869.0
physx,1,physx_s1,276,19.941309,94.4179,147368.0
physx,1,physx_s1,277,19.131882,94.7546,147510.0
physx,1,physx_s1,278,19.211376,95.0822,151761.0
physx,1,physx_s1,279,20.134111,95.4122,150641.0
physx,1,physx_s1,280,20.500759,95.7489,147615.0
physx,1,physx_s1,281,20.418715,96.0877,146703.0
physx,1,physx_s1,282,20.503502,96.4394,141139.0
physx,1,physx_s1,283,21.046904,96.7842,144344.0
physx,1,physx_s1,284,21.245163,97.1244,145959.0
physx,1,physx_s1,285,20.904099,97.4688,144228.0
physx,1,physx_s1,286,21.198538,97.8244,139504.0
physx,1,physx_s1,287,21.239044,98.1587,148573.0
physx,1,physx_s1,288,21.377102,98.5019,146248.0
physx,1,physx_s1,289,20.897751,98.8319,150454.0
physx,1,physx_s1,290,20.244553,99.1597,151560.0
physx,1,physx_s1,291,20.640966,99.4803,154886.0
physx,1,physx_s1,292,21.160809,99.8095,150936.0
physx,1,physx_s1,293,21.019331,100.1409,149939.0
physx,1,physx_s1,294,20.919781,100.4721,149978.0
physx,1,physx_s1,295,22.438641,100.8076,148112.0
physx,1,physx_s1,296,22.184111,101.1444,147518.0
physx,1,physx_s1,297,23.005184,101.4839,146326.0
physx,1,physx_s1,298,22.706556,101.8139,150579.0
physx,1,physx_s1,299,22.689817,102.1463,149434.0
physx,2,physx_s2,0,-0.551837,0.0000,37959.0
physx,2,physx_s2,1,-0.856010,0.3393,147808.0
physx,2,physx_s2,2,-1.483988,0.6639,153288.0
physx,2,physx_s2,3,-2.174201,0.9990,148366.0
physx,2,physx_s2,4,-2.655325,1.3322,149205.0
physx,2,physx_s2,5,-3.182999,1.6555,153929.0
physx,2,physx_s2,6,-3.459237,1.9856,150738.0
physx,2,physx_s2,7,-3.825744,2.3209,148320.0
physx,2,physx_s2,8,-4.330876,2.6639,144951.0
physx,2,physx_s2,9,-4.422849,3.0069,144933.0
physx,2,physx_s2,10,-4.341442,3.3493,145211.0
physx,2,physx_s2,11,-4.282658,3.6916,145340.0
physx,2,physx_s2,12,-4.656624,4.0225,150215.0
physx,2,physx_s2,13,-5.121957,4.3582,148133.0
physx,2,physx_s2,14,-5.186942,4.6898,149934.0
physx,2,physx_s2,15,-5.445167,5.0262,147733.0
physx,2,physx_s2,16,-5.396599,5.3516,152803.0
physx,2,physx_s2,17,-5.146645,5.6923,146007.0
physx,2,physx_s2,18,-5.250996,6.0412,142411.0
physx,2,physx_s2,19,-5.080786,6.3773,147851.0
physx,2,physx_s2,20,-5.345441,6.7098,149386.0
physx,2,physx_s2,21,-6.159124,7.0432,149079.0
physx,2,physx_s2,22,-5.698716,7.3822,146529.0
physx,2,physx_s2,23,-5.394944,7.7125,150470.0
physx,2,physx_s2,24,-6.132004,8.0410,151198.0
physx,2,physx_s2,25,-6.464827,8.3666,152652.0
physx,2,physx_s2,26,-6.181369,8.6944,151560.0
physx,2,physx_s2,27,-5.776311,9.0307,147761.0
physx,2,physx_s2,28,-5.658264,9.3577,155009.0
physx,2,physx_s2,29,-6.095855,9.6915,148974.0
physx,2,physx_s2,30,-6.861694,10.0168,152675.0
physx,2,physx_s2,31,-6.574681,10.3480,150014.0
physx,2,physx_s2,32,-5.857022,10.6715,153728.0
physx,2,physx_s2,33,-5.838919,10.9976,152331.0
physx,2,physx_s2,34,-5.941249,11.3365,146612.0
physx,2,physx_s2,35,-5.390869,11.6771,145758.0
physx,2,physx_s2,36,-6.190018,12.0218,144099.0
physx,2,physx_s2,37,-6.156996,12.3487,152046.0
physx,2,physx_s2,38,-6.134649,12.6772,151252.0
physx,2,physx_s2,39,-5.966715,13.0007,153637.0
physx,2,physx_s2,40,-5.683736,13.3439,144759.0
physx,2,physx_s2,41,-5.149166,13.6807,147434.0
physx,2,physx_s2,42,-5.096619,14.0125,149695.0
physx,2,physx_s2,43,-5.044579,14.3457,149256.0
physx,2,physx_s2,44,-4.411439,14.6889,147466.0
physx,2,physx_s2,45,-3.458623,15.0268,147162.0
physx,2,physx_s2,46,-2.625058,15.3635,147491.0
physx,2,physx_s2,47,-2.476155,15.7061,144986.0
physx,2,physx_s2,48,-2.445184,16.0479,145396.0
physx,2,physx_s2,49,-3.858764,16.3835,148470.0
physx,2,physx_s2,50,-2.875800,16.7218,146953.0
physx,2,physx_s2,51,-1.882922,17.0574,149022.0
physx,2,physx_s2,52,-1.602855,17.3885,150088.0
physx,2,physx_s2,53,-0.783404,17.7212,149424.0
physx,2,physx_s2,54,-0.865596,18.0527,149811.0
physx,2,physx_s2,55,-0.414338,18.3983,143833.0
physx,2,physx_s2,56,-0.051792,18.7322,148759.0
physx,2,physx_s2,57,0.153954,19.0668,148398.0
physx,2,physx_s2,58,0.420695,19.4049,146806.0
physx,2,physx_s2,59,0.533767,19.7399,151272.0
physx,2,physx_s2,60,0.905561,20.0800,146130.0
physx,2,physx_s2,61,1.765079,20.4182,146909.0
physx,2,physx_s2,62,2.278283,20.7569,146952.0
physx,2,physx_s2,63,3.000059,21.0867,150654.0
physx,2,physx_s2,64,2.570153,21.4180,149937.0
physx,2,physx_s2,65,3.145313,21.7580,146057.0
physx,2,physx_s2,66,4.161039,22.0835,152623.0
physx,2,physx_s2,67,3.800988,22.4404,139087.0
physx,2,physx_s2,68,3.746590,22.7815,145608.0
physx,2,physx_s2,69,3.624527,23.1211,146300.0
physx,2,physx_s2,70,4.310365,23.4524,150011.0
physx,2,physx_s2,71,4.649046,23.7925,146099.0
physx,2,physx_s2,72,4.360807,24.1253,149249.0
physx,2,physx_s2,73,4.460944,24.4610,148401.0
physx,2,physx_s2,74,5.043990,24.7949,148959.0
physx,2,physx_s2,75,4.987997,25.1281,149052.0
physx,2,physx_s2,76,5.127686,25.4603,149618.0
physx,2,physx_s2,77,5.871701,25.7960,148000.0
physx,2,physx_s2,78,5.139456,26.1333,147437.0
physx,2,physx_s2,79,5.262362,26.4747,145513.0
physx,2,physx_s2,80,5.882066,26.8216,143161.0
physx,2,physx_s2,81,5.513022,27.1640,145027.0
physx,2,physx_s2,82,6.093482,27.5084,144207.0
physx,2,physx_s2,83,5.554156,27.8592,141584.0
physx,2,physx_s2,84,5.377251,28.2184,138265.0
physx,2,physx_s2,85,7.134288,28.5719,140545.0
physx,2,physx_s2,86,8.231239,28.9147,144833.0
physx,2,physx_s2,87,7.185236,29.2618,143181.0
physx,2,physx_s2,88,7.014354,29.6116,142253.0
physx,2,physx_s2,89,7.453355,29.9627,141387.0
physx,2,physx_s2,90,7.313581,30.3122,142216.0
physx,2,physx_s2,91,7.331408,30.6526,146206.0
physx,2,physx_s2,92,7.800148,30.9945,145325.0
physx,2,physx_s2,93,8.739345,31.3322,147121.0
physx,2,physx_s2,94,8.269100,31.6930,137597.0
physx,2,physx_s2,95,8.192516,32.0300,147444.0
physx,2,physx_s2,96,8.439992,32.3791,144174.0
physx,2,physx_s2,97,9.111153,32.7216,145011.0
physx,2,physx_s2,98,8.359765,33.0641,144984.0
physx,2,physx_s2,99,8.564153,33.4017,147073.0
physx,2,physx_s2,100,9.621085,33.7475,143571.0
physx,2,physx_s2,101,8.897284,34.0993,142058.0
physx,2,physx_s2,102,7.878480,34.4456,143429.0
physx,2,physx_s2,103,9.360554,34.7978,140983.0
physx,2,physx_s2,104,10.442671,35.1364,146651.0
physx,2,physx_s2,105,9.883771,35.4787,148209.0
physx,2,physx_s2,106,9.699887,35.8302,141244.0
physx,2,physx_s2,107,10.602730,36.1710,145742.0
physx,2,physx_s2,108,10.415548,36.5151,144280.0
physx,2,physx_s2,109,9.771980,36.8505,148112.0
physx,2,physx_s2,110,10.466555,37.1875,147456.0
physx,2,physx_s2,111,11.405155,37.5268,146968.0
physx,2,physx_s2,112,11.148155,37.8626,147934.0
physx,2,physx_s2,113,10.125896,38.1975,148285.0
physx,2,physx_s2,114,10.629028,38.5319,148601.0
physx,2,physx_s2,115,10.855493,38.8779,143498.0
physx,2,physx_s2,116,11.085367,39.2128,148293.0
physx,2,physx_s2,117,11.239050,39.5551,145050.0
physx,2,physx_s2,118,11.582925,39.8985,144606.0
physx,2,physx_s2,119,11.982048,40.2379,146390.0
physx,2,physx_s2,120,11.427176,40.5830,144096.0
physx,2,physx_s2,121,10.766732,40.9227,146303.0
physx,2,physx_s2,122,11.774085,41.2590,147637.0
physx,2,physx_s2,123,11.733479,41.6085,142076.0
physx,2,physx_s2,124,11.518826,41.9501,145343.0
physx,2,physx_s2,125,12.363661,42.2981,142652.0
physx,2,physx_s2,126,11.508283,42.6428,144297.0
physx,2,physx_s2,127,11.982433,42.9916,142502.0
physx,2,physx_s2,128,13.387462,43.3375,143684.0
physx,2,physx_s2,129,13.086778,43.6818,144267.0
physx,2,physx_s2,130,12.895919,44.0239,145212.0
physx,2,physx_s2,131,13.637900,44.3772,140538.0
physx,2,physx_s2,132,12.995996,44.7187,145420.0
physx,2,physx_s2,133,12.685081,45.0587,146079.0
physx,2,physx_s2,134,13.538480,45.4056,143199.0
physx,2,physx_s2,135,13.452998,45.7548,142206.0
physx,2,physx_s2,136,13.839823,46.0947,146321.0
physx,2,physx_s2,137,14.368496,46.4350,148645.0
physx,2,physx_s2,138,14.807184,46.7889,140418.0
physx,2,physx_s2,139,14.141023,47.1285,146249.0
physx,2,physx_s2,140,13.784366,47.4731,144133.0
physx,2,physx_s2,141,14.062927,47.8080,148229.0
physx,2,physx_s2,142,15.151506,48.1601,140934.0
physx,2,physx_s2,143,14.807025,48.5097,142011.0
physx,2,physx_s2,144,14.852506,48.8683,138368.0
physx,2,physx_s2,145,15.649736,49.2276,138701.0
physx,2,physx_s2,146,14.177859,49.5828,139862.0
physx,2,physx_s2,147,14.371636,49.9458,136827.0
physx,2,physx_s2,148,14.405650,50.2949,142248.0
physx,2,physx_s2,149,14.072264,50.6396,143999.0
physx,2,physx_s2,150,14.841104,50.9978,138602.0
physx,2,physx_s2,151,15.269104,51.3432,144957.0
physx,2,physx_s2,152,14.975672,51.7009,138850.0
physx,2,physx_s2,153,15.199296,52.0455,144322.0
physx,2,physx_s2,154,14.755520,52.3929,143019.0
physx,2,physx_s2,155,14.936219,52.7330,146021.0
physx,2,physx_s2,156,15.928150,53.0786,143743.0
physx,2,physx_s2,157,16.095444,53.4178,146383.0
physx,2,physx_s2,158,15.272087,53.7632,143851.0
physx,2,physx_s2,159,15.298603,54.1109,142899.0
physx,2,physx_s2,160,14.811620,54.4559,144137.0
physx,2,physx_s2,161,14.201733,54.8098,140759.0
physx,2,physx_s2,162,15.050894,55.1689,138226.0
physx,2,physx_s2,163,15.937079,55.5131,144276.0
physx,2,physx_s2,164,16.365583,55.8572,144364.0
physx,2,physx_s2,165,16.796379,56.1995,145036.0
physx,2,physx_s2,166,16.475910,56.5383,146654.0
physx,2,physx_s2,167,16.729891,56.8926,140184.0
physx,2,physx_s2,168,17.019360,57.2404,142934.0
physx,2,physx_s2,169,16.192066,57.5814,145837.0
physx,2,physx_s2,170,16.927223,57.9320,141638.0
physx,2,physx_s2,171,17.621122,58.2887,139151.0
physx,2,physx_s2,172,16.813965,58.6341,143782.0
physx,2,physx_s2,173,17.220655,58.9735,146320.0
physx,2,physx_s2,174,16.473017,59.3292,139725.0
physx,2,physx_s2,175,17.776480,59.6824,140515.0
physx,2,physx_s2,176,17.673208,60.0293,143168.0
physx,2,physx_s2,177,17.737190,60.3716,145087.0
physx,2,physx_s2,178,18.072260,60.7133,145448.0
physx,2,physx_s2,179,17.979284,61.0463,149266.0
physx,2,physx_s2,180,18.216764,61.4034,139000.0
physx,2,physx_s2,181,18.405659,61.7563,143300.0
physx,2,physx_s2,182,18.279055,62.0990,145011.0
physx,2,physx_s2,183,17.898813,62.4360,147475.0
physx,2,physx_s2,184,17.803654,62.7659,150708.0
physx,2,physx_s2,185,17.825613,63.1024,147872.0
physx,2,physx_s2,186,18.935202,63.4438,145901.0
physx,2,physx_s2,187,19.225176,63.7819,147042.0
physx,2,physx_s2,188,18.307549,64.1123,150609.0
physx,2,physx_s2,189,17.917715,64.4552,144928.0
physx,2,physx_s2,190,19.011154,64.7989,144494.0
physx,2,physx_s2,191,19.118601,65.1240,152846.0
physx,2,physx_s2,192,18.681356,65.4731,143967.0
physx,2,physx_s2,193,19.964218,65.8113,146876.0
physx,2,physx_s2,194,19.802164,66.1467,148103.0
physx,2,physx_s2,195,19.613653,66.4808,148637.0
physx,2,physx_s2,196,19.284307,66.8281,145572.0
physx,2,physx_s2,197,20.276690,67.1591,150310.0
physx,2,physx_s2,198,20.140148,67.4963,147334.0
physx,2,physx_s2,199,20.625349,67.8355,146431.0
physx,2,physx_s2,200,21.250658,68.1665,150163.0
physx,2,physx_s2,201,21.273998,68.5098,145608.0
physx,2,physx_s2,202,20.544571,68.8432,149015.0
physx,2,physx_s2,203,20.543316,69.1785,148095.0
physx,2,physx_s2,204,20.302366,69.5286,142385.0
physx,2,physx_s2,205,21.069025,69.8617,149198.0
physx,2,physx_s2,206,21.059376,70.1927,150177.0
physx,2,physx_s2,207,20.359150,70.5224,150705.0
physx,2,physx_s2,208,20.196493,70.8529,150391.0
physx,2,physx_s2,209,21.002676,71.1881,148189.0
physx,2,physx_s2,210,22.168316,71.5194,150005.0
physx,2,physx_s2,211,22.789974,71.8615,147929.0
physx,2,physx_s2,212,22.997894,72.1962,148567.0
physx,2,physx_s2,213,23.333344,72.5300,148781.0
physx,2,physx_s2,214,23.068800,72.8574,151707.0
physx,2,physx_s2,215,23.145594,73.1911,148827.0
physx,2,physx_s2,216,23.737364,73.5164,152691.0
physx,2,physx_s2,217,23.127775,73.8469,150508.0
physx,2,physx_s2,218,23.471151,74.1746,151676.0
physx,2,physx_s2,219,23.680561,74.5088,148847.0
physx,2,physx_s2,220,23.906631,74.8317,153877.0
physx,2,physx_s2,221,25.004267,75.1621,150439.0
physx,2,physx_s2,222,24.652349,75.4984,147707.0
physx,2,physx_s2,223,24.373178,75.8263,151576.0
physx,2,physx_s2,224,24.298697,76.1540,151686.0
physx,2,physx_s2,225,24.087856,76.4812,151810.0
physx,2,physx_s2,226,23.854939,76.8075,152179.0
physx,2,physx_s2,227,24.245531,77.1414,148774.0
physx,2,physx_s2,228,24.220930,77.4772,147966.0
physx,2,physx_s2,229,24.418018,77.8078,150227.0
physx,2,physx_s2,230,25.251261,78.1553,142851.0
physx,2,physx_s2,231,24.852760,78.4885,149093.0
physx,2,physx_s2,232,24.646116,78.8196,150154.0
physx,2,physx_s2,233,25.326975,79.1493,150727.0
physx,2,physx_s2,234,25.649632,79.4755,152304.0
physx,2,physx_s2,235,25.665401,79.8073,149770.0
physx,2,physx_s2,236,25.831577,80.1372,150706.0
physx,2,physx_s2,237,25.720724,80.4635,152423.0
physx,2,physx_s2,238,26.003023,80.7909,151821.0
physx,2,physx_s2,239,25.948109,81.1163,152621.0
physx,2,physx_s2,240,26.566599,81.4391,154055.0
physx,2,physx_s2,241,25.875414,81.7705,149858.0
physx,2,physx_s2,242,26.087793,82.0955,152785.0
physx,2,physx_s2,243,26.327917,82.4287,149059.0
physx,2,physx_s2,244,26.809704,82.7579,150879.0
physx,2,physx_s2,245,26.613625,83.0847,151978.0
physx,2,physx_s2,246,26.547432,83.4133,151206.0
physx,2,physx_s2,247,27.057381,83.7408,151625.0
physx,2,physx_s2,248,26.589155,84.0699,151028.0
physx,2,physx_s2,249,26.808018,84.3954,152701.0
physx,2,physx_s2,250,26.946064,84.7299,148471.0
physx,2,physx_s2,251,27.011316,85.0639,149687.0
physx,2,physx_s2,252,27.450989,85.3945,150221.0
physx,2,physx_s2,253,27.733280,85.7309,147661.0
physx,2,physx_s2,254,27.923740,86.0632,149570.0
physx,2,physx_s2,255,28.014782,86.3928,150870.0
physx,2,physx_s2,256,27.913124,86.7252,149472.0
physx,2,physx_s2,257,27.789511,87.0539,151213.0
physx,2,physx_s2,258,27.758764,87.3813,151775.0
physx,2,physx_s2,259,27.767632,87.7144,149118.0
physx,2,physx_s2,260,27.091528,88.0484,148871.0
physx,2,physx_s2,261,27.348207,88.3833,148307.0
physx,2,physx_s2,262,28.462448,88.7061,154008.0
physx,2,physx_s2,263,28.465343,89.0362,150537.0
physx,2,physx_s2,264,28.200129,89.3682,149618.0
physx,2,physx_s2,265,28.271694,89.6979,150659.0
physx,2,physx_s2,266,28.436317,90.0150,156645.0
physx,2,physx_s2,267,27.858698,90.3449,150795.0
physx,2,physx_s2,268,28.211632,90.6772,149779.0
physx,2,physx_s2,269,28.719265,91.0075,150300.0
physx,2,physx_s2,270,28.524796,91.3446,147500.0
physx,2,physx_s2,271,29.012608,91.6732,151250.0
physx,2,physx_s2,272,29.311752,92.0008,151706.0
physx,2,physx_s2,273,29.107124,92.3482,142976.0
physx,2,physx_s2,274,28.935898,92.6744,152300.0
physx,2,physx_s2,275,28.685225,93.0040,150748.0
physx,2,physx_s2,276,29.212931,93.3378,148846.0
physx,2,physx_s2,277,29.803913,93.6794,145373.0
physx,2,physx_s2,278,29.425579,94.0067,151787.0
physx,2,physx_s2,279,28.317961,94.3430,147650.0
physx,2,physx_s2,280,28.795963,94.6698,152031.0
physx,2,physx_s2,281,29.369501,95.0041,148566.0
physx,2,physx_s2,282,29.776096,95.3324,151498.0
physx,2,physx_s2,283,29.889036,95.6635,150341.0
physx,2,physx_s2,284,29.906546,96.0004,147487.0
physx,2,physx_s2,285,29.564754,96.3413,145760.0
physx,2,physx_s2,286,29.907738,96.6803,146632.0
physx,2,physx_s2,287,30.127705,97.0161,148391.0
physx,2,physx_s2,288,29.893913,97.3537,148801.0
physx,2,physx_s2,289,30.191496,97.6781,153264.0
physx,2,physx_s2,290,30.145123,98.0277,142159.0
physx,2,physx_s2,291,30.065245,98.3604,149417.0
physx,2,physx_s2,292,29.765331,98.6993,146697.0
physx,2,physx_s2,293,30.123106,99.0396,146114.0
physx,2,physx_s2,294,30.815573,99.3766,147396.0
physx,2,physx_s2,295,30.684711,99.7126,147822.0
physx,2,physx_s2,296,30.243090,100.0475,148442.0
physx,2,physx_s2,297,30.287481,100.3737,152276.0
physx,2,physx_s2,298,30.993952,100.7104,147497.0
physx,2,physx_s2,299,31.163677,101.0393,151050.0
physx,3,physx_s3,0,-0.523934,0.0000,37742.0
physx,3,physx_s3,1,-0.854122,0.3352,150175.0
physx,3,physx_s3,2,-1.388038,0.6820,143382.0
physx,3,physx_s3,3,-2.226643,1.0259,144490.0
physx,3,physx_s3,4,-3.086001,1.3781,140974.0
physx,3,physx_s3,5,-3.284859,1.7257,142944.0
physx,3,physx_s3,6,-3.865572,2.0776,141190.0
physx,3,physx_s3,7,-3.987112,2.4216,144483.0
physx,3,physx_s3,8,-3.755109,2.7626,145767.0
physx,3,physx_s3,9,-3.987067,3.1132,141697.0
physx,3,physx_s3,10,-4.266046,3.4662,140722.0
physx,3,physx_s3,11,-4.332518,3.8106,144422.0
physx,3,physx_s3,12,-4.562740,4.1531,145218.0
physx,3,physx_s3,13,-4.847242,4.4953,145224.0
physx,3,physx_s3,14,-5.085946,4.8523,139202.0
physx,3,physx_s3,15,-5.154119,5.1945,145272.0
physx,3,physx_s3,16,-5.351164,5.5414,143324.0
physx,3,physx_s3,17,-5.905601,5.8894,142602.0
physx,3,physx_s3,18,-5.872167,6.2272,147202.0
physx,3,physx_s3,19,-5.813927,6.5511,153360.0
physx,3,physx_s3,20,-5.459432,6.8877,147527.0
physx,3,physx_s3,21,-5.995155,7.2214,148785.0
physx,3,physx_s3,22,-5.317678,7.5672,143742.0
physx,3,physx_s3,23,-5.542549,7.9077,145908.0
physx,3,physx_s3,24,-6.178822,8.2472,146434.0
physx,3,physx_s3,25,-6.446676,8.5765,150986.0
physx,3,physx_s3,26,-6.748641,8.9168,145915.0
physx,3,physx_s3,27,-6.395680,9.2601,144634.0
physx,3,physx_s3,28,-6.333527,9.5986,146725.0
physx,3,physx_s3,29,-6.255895,9.9552,139184.0
physx,3,physx_s3,30,-6.260825,10.3004,143823.0
physx,3,physx_s3,31,-6.742381,10.6382,147082.0
physx,3,physx_s3,32,-6.439431,10.9714,149036.0
physx,3,physx_s3,33,-6.062704,11.3024,150021.0
physx,3,physx_s3,34,-5.842337,11.6396,147208.0
physx,3,physx_s3,35,-6.463209,11.9895,141893.0
physx,3,physx_s3,36,-6.220286,12.3273,147003.0
physx,3,physx_s3,37,-6.145039,12.6730,143611.0
physx,3,physx_s3,38,-6.309591,13.0110,147077.0
physx,3,physx_s3,39,-6.343652,13.3458,148816.0
physx,3,physx_s3,40,-5.650264,13.6810,148340.0
physx,3,physx_s3,41,-5.240065,14.0236,147771.0
physx,3,physx_s3,42,-4.641883,14.3714,142915.0
physx,3,physx_s3,43,-4.245540,14.7174,143528.0
physx,3,physx_s3,44,-4.779631,15.0689,141478.0
physx,3,physx_s3,45,-4.400186,15.4246,139673.0
physx,3,physx_s3,46,-3.287840,15.7753,141555.0
physx,3,physx_s3,47,-3.206916,16.1208,143716.0
physx,3,physx_s3,48,-3.072087,16.4629,145254.0
physx,3,physx_s3,49,-2.900648,16.8061,144711.0
physx,3,physx_s3,50,-2.040950,17.1533,143061.0
physx,3,physx_s3,51,-1.366749,17.5030,142931.0
physx,3,physx_s3,52,-1.437922,17.8406,147166.0
physx,3,physx_s3,53,-1.689810,18.1918,141434.0
physx,3,physx_s3,54,-1.197410,18.5566,136091.0
physx,3,physx_s3,55,-0.300489,18.8925,147863.0
physx,3,physx_s3,56,0.325691,19.2335,145879.0
physx,3,physx_s3,57,1.637770,19.5703,147463.0
physx,3,physx_s3,58,2.155970,19.9125,145222.0
physx,3,physx_s3,59,0.647972,20.2651,140996.0
physx,3,physx_s3,60,0.388708,20.6085,144719.0
physx,3,physx_s3,61,1.195589,20.9484,146190.0
physx,3,physx_s3,62,1.576871,21.2911,144867.0
physx,3,physx_s3,63,2.780140,21.6312,145962.0
physx,3,physx_s3,64,2.290317,21.9735,145033.0
physx,3,physx_s3,65,1.261143,22.3170,144546.0
physx,3,physx_s3,66,3.216793,22.6621,143886.0
physx,3,physx_s3,67,3.787506,23.0046,145009.0
physx,3,physx_s3,68,3.509908,23.3433,146640.0
physx,3,physx_s3,69,3.136348,23.6926,142165.0
physx,3,physx_s3,70,4.252159,24.0357,144798.0
physx,3,physx_s3,71,4.396022,24.3752,149091.0
physx,3,physx_s3,72,3.155302,24.7161,145872.0
physx,3,physx_s3,73,3.923896,25.0522,147931.0
physx,3,physx_s3,74,4.397927,25.3980,143771.0
physx,3,physx_s3,75,5.106309,25.7418,144401.0
physx,3,physx_s3,76,5.485865,26.0874,143727.0
physx,3,physx_s3,77,5.488441,26.4318,144285.0
physx,3,physx_s3,78,6.058497,26.7773,143897.0
physx,3,physx_s3,79,5.974006,27.1300,140959.0
physx,3,physx_s3,80,5.399072,27.4730,144914.0
physx,3,physx_s3,81,5.081153,27.8111,147197.0
physx,3,physx_s3,82,5.273053,28.1589,142703.0
physx,3,physx_s3,83,5.613434,28.4987,146130.0
physx,3,physx_s3,84,6.217925,28.8411,145029.0
physx,3,physx_s3,85,6.006349,29.1773,147773.0
physx,3,physx_s3,86,6.867823,29.5225,146561.0
physx,3,physx_s3,87,6.975568,29.8718,142414.0
physx,3,physx_s3,88,7.559984,30.2154,144631.0
physx,3,physx_s3,89,7.374493,30.5546,146638.0
physx,3,physx_s3,90,6.717049,30.9019,143030.0
physx,3,physx_s3,91,6.882505,31.2421,146111.0
physx,3,physx_s3,92,6.885382,31.5819,146200.0
physx,3,physx_s3,93,7.462838,31.9314,142305.0
physx,3,physx_s3,94,7.749225,32.2709,146474.0
physx,3,physx_s3,95,7.598407,32.6139,144956.0
physx,3,physx_s3,96,7.949221,32.9724,140713.0
physx,3,physx_s3,97,8.047699,33.3179,143818.0
physx,3,physx_s3,98,9.046323,33.6616,144473.0
physx,3,physx_s3,99,8.582143,34.0114,141923.0
physx,3,physx_s3,100,8.363419,34.3532,145362.0
physx,3,physx_s3,101,8.575480,34.7011,143789.0
physx,3,physx_s3,102,8.517217,35.0372,147750.0
physx,3,physx_s3,103,8.170687,35.3708,148821.0
physx,3,physx_s3,104,7.998902,35.7098,146458.0
physx,3,physx_s3,105,9.592090,36.0510,145565.0
physx,3,physx_s3,106,10.585555,36.3881,147302.0
physx,3,physx_s3,107,10.280908,36.7443,139334.0
physx,3,physx_s3,108,10.844393,37.0882,144408.0
physx,3,physx_s3,109,9.990070,37.4264,146960.0
physx,3,physx_s3,110,9.979109,37.7736,143291.0
physx,3,physx_s3,111,10.175620,38.1384,136046.0
physx,3,physx_s3,112,8.940616,38.4910,140944.0
physx,3,physx_s3,113,9.059753,38.8516,137790.0
physx,3,physx_s3,114,9.902639,39.1980,143439.0
physx,3,physx_s3,115,9.890415,39.5434,143869.0
physx,3,physx_s3,116,8.734201,39.8824,146592.0
physx,3,physx_s3,117,9.446459,40.2174,148348.0
physx,3,physx_s3,118,9.972623,40.5596,145236.0
physx,3,physx_s3,119,10.496843,40.9099,141881.0
physx,3,physx_s3,120,11.462579,41.2681,138651.0
physx,3,physx_s3,121,11.193529,41.6211,140580.0
physx,3,physx_s3,122,11.050098,41.9649,144530.0
physx,3,physx_s3,123,11.008848,42.3025,147216.0
physx,3,physx_s3,124,10.719919,42.6424,146136.0
physx,3,physx_s3,125,10.616121,42.9915,142280.0
physx,3,physx_s3,126,10.939660,43.3366,143968.0
physx,3,physx_s3,127,10.976498,43.6835,143277.0
physx,3,physx_s3,128,10.230176,44.0305,143229.0
physx,3,physx_s3,129,10.902282,44.3848,140131.0
physx,3,physx_s3,130,12.198977,44.7318,143080.0
physx,3,physx_s3,131,11.950127,45.0818,141847.0
physx,3,physx_s3,132,12.039626,45.4302,142612.0
physx,3,physx_s3,133,12.859446,45.7812,141549.0
physx,3,physx_s3,134,12.631478,46.1321,141587.0
physx,3,physx_s3,135,12.186411,46.4774,143938.0
physx,3,physx_s3,136,11.921076,46.8200,145055.0
physx,3,physx_s3,137,11.847285,47.1640,144398.0
physx,3,physx_s3,138,12.047706,47.5182,140190.0
physx,3,physx_s3,139,12.650183,47.8753,139060.0
physx,3,physx_s3,140,12.608908,48.2258,141747.0
physx,3,physx_s3,141,12.013105,48.5671,145521.0
physx,3,physx_s3,142,11.437625,48.9080,145755.0
physx,3,physx_s3,143,11.537430,49.2518,144479.0
physx,3,physx_s3,144,11.816000,49.5915,146247.0
physx,3,physx_s3,145,13.326620,49.9305,146623.0
physx,3,physx_s3,146,13.535398,50.2700,146313.0
physx,3,physx_s3,147,13.450452,50.6054,148109.0
physx,3,physx_s3,148,13.200250,50.9462,145745.0
physx,3,physx_s3,149,11.979774,51.2910,144018.0
physx,3,physx_s3,150,12.422430,51.6244,148998.0
physx,3,physx_s3,151,13.510671,51.9663,146648.0
physx,3,physx_s3,152,14.444072,52.3091,145007.0
physx,3,physx_s3,153,14.012161,52.6429,148955.0
physx,3,physx_s3,154,13.008041,52.9770,148790.0
physx,3,physx_s3,155,13.246367,53.3147,147017.0
physx,3,physx_s3,156,13.937922,53.6496,148337.0
physx,3,physx_s3,157,14.123372,53.9851,148059.0
physx,3,physx_s3,158,14.152116,54.3254,145899.0
physx,3,physx_s3,159,14.246365,54.6580,149388.0
physx,3,physx_s3,160,13.958439,54.9927,148427.0
physx,3,physx_s3,161,14.258379,55.3332,146131.0
physx,3,physx_s3,162,13.915351,55.6849,141250.0
physx,3,physx_s3,163,14.265054,56.0236,146696.0
physx,3,physx_s3,164,15.232598,56.3667,144822.0
physx,3,physx_s3,165,15.862103,56.7045,147026.0
physx,3,physx_s3,166,16.138556,57.0404,147852.0
physx,3,physx_s3,167,14.696164,57.3808,145910.0
physx,3,physx_s3,168,14.422641,57.7187,147080.0
physx,3,physx_s3,169,15.226846,58.0626,144429.0
physx,3,physx_s3,170,16.369740,58.4051,145163.0
physx,3,physx_s3,171,15.720129,58.7572,141044.0
physx,3,physx_s3,172,14.455092,59.1030,143540.0
physx,3,physx_s3,173,15.488280,59.4484,143823.0
physx,3,physx_s3,174,16.497644,59.7939,143685.0
physx,3,physx_s3,175,15.315119,60.1360,145162.0
physx,3,physx_s3,176,15.200345,60.4767,145983.0
physx,3,physx_s3,177,15.636092,60.8169,146084.0
physx,3,physx_s3,178,15.463975,61.1585,145359.0
physx,3,physx_s3,179,15.581839,61.5010,144982.0
physx,3,physx_s3,180,16.183031,61.8515,141778.0
physx,3,physx_s3,181,16.961000,62.2092,138894.0
physx,3,physx_s3,182,15.935057,62.5559,143358.0
physx,3,physx_s3,183,15.896429,62.8941,147000.0
physx,3,physx_s3,184,16.912815,63.2407,143275.0
physx,3,physx_s3,185,16.590481,63.5856,144064.0
physx,3,physx_s3,186,16.424982,63.9195,148838.0
physx,3,physx_s3,187,16.604086,64.2557,147826.0
physx,3,physx_s3,188,16.805782,64.5921,147753.0
physx,3,physx_s3,189,16.823450,64.9360,144481.0
physx,3,physx_s3,190,16.516788,65.2770,145870.0
physx,3,physx_s3,191,17.064283,65.6214,144223.0
physx,3,physx_s3,192,16.642208,65.9735,143182.0
physx,3,physx_s3,193,15.635602,66.3142,145906.0
physx,3,physx_s3,194,17.181795,66.6623,142587.0
physx,3,physx_s3,195,17.878969,67.0038,145517.0
physx,3,physx_s3,196,17.786169,67.3436,146259.0
physx,3,physx_s3,197,18.619516,67.6841,145998.0
physx,3,physx_s3,198,19.251968,68.0234,146498.0
physx,3,physx_s3,199,18.772356,68.3564,149282.0
physx,3,physx_s3,200,18.885172,68.6904,148795.0
physx,3,physx_s3,201,19.857443,69.0220,150946.0
physx,3,physx_s3,202,19.511198,69.3648,144972.0
physx,3,physx_s3,203,18.639357,69.7080,144758.0
physx,3,physx_s3,204,19.345484,70.0436,147934.0
physx,3,physx_s3,205,19.607506,70.3695,152398.0
physx,3,physx_s3,206,18.995863,70.7071,147083.0
physx,3,physx_s3,207,18.957329,71.0412,148695.0
physx,3,physx_s3,208,20.218702,71.3743,149128.0
physx,3,physx_s3,209,19.969419,71.7142,146108.0
physx,3,physx_s3,210,19.704071,72.0504,147739.0
physx,3,physx_s3,211,19.762619,72.3877,147198.0
physx,3,physx_s3,212,20.514868,72.7273,146288.0
physx,3,physx_s3,213,21.729725,73.0687,145615.0
physx,3,physx_s3,214,21.726509,73.4244,139580.0
physx,3,physx_s3,215,20.953329,73.7639,146359.0
physx,3,physx_s3,216,20.863617,74.1011,147327.0
physx,3,physx_s3,217,21.316605,74.4374,147624.0
physx,3,physx_s3,218,21.185287,74.7763,146566.0
physx,3,physx_s3,219,21.188364,75.1134,147366.0
physx,3,physx_s3,220,21.362694,75.4502,147406.0
physx,3,physx_s3,221,22.006018,75.7927,145194.0
physx,3,physx_s3,222,21.835159,76.1288,147868.0
physx,3,physx_s3,223,22.658558,76.4668,146940.0
physx,3,physx_s3,224,22.059710,76.8063,146391.0
physx,3,physx_s3,225,21.951359,77.1445,146988.0
physx,3,physx_s3,226,22.351149,77.4851,145836.0
physx,3,physx_s3,227,22.093267,77.8220,147418.0
physx,3,physx_s3,228,22.409470,78.1670,144071.0
physx,3,physx_s3,229,22.460613,78.5069,146220.0
physx,3,physx_s3,230,23.360281,78.8476,145817.0
physx,3,physx_s3,231,23.520866,79.1843,147669.0
physx,3,physx_s3,232,22.840389,79.5247,145880.0
physx,3,physx_s3,233,22.918652,79.8726,142726.0
physx,3,physx_s3,234,23.248449,80.2101,147281.0
physx,3,physx_s3,235,23.867773,80.5457,148045.0
physx,3,physx_s3,236,24.000984,80.8821,147652.0
physx,3,physx_s3,237,24.660009,81.2120,150557.0
physx,3,physx_s3,238,24.857954,81.5517,146315.0
physx,3,physx_s3,239,24.549198,81.8830,150105.0
physx,3,physx_s3,240,24.152885,82.2191,147954.0
physx,3,physx_s3,241,23.985315,82.5523,149164.0
physx,3,physx_s3,242,24.398928,82.8933,146068.0
physx,3,physx_s3,243,24.701368,83.2266,149443.0
physx,3,physx_s3,244,24.873278,83.5602,149117.0
physx,3,physx_s3,245,24.602541,83.8984,146905.0
physx,3,physx_s3,246,24.722143,84.2314,149201.0
physx,3,physx_s3,247,25.235996,84.5600,151095.0
physx,3,physx_s3,248,25.079351,84.8893,150804.0
physx,3,physx_s3,249,25.048124,85.2177,151293.0
physx,3,physx_s3,250,24.628719,85.5511,148980.0
physx,3,physx_s3,251,25.649216,85.8862,149188.0
physx,3,physx_s3,252,26.251867,86.2335,143024.0
physx,3,physx_s3,253,26.187063,86.5746,145760.0
physx,3,physx_s3,254,25.388523,86.9175,144828.0
physx,3,physx_s3,255,26.052877,87.2510,148975.0
physx,3,physx_s3,256,25.964712,87.5943,144583.0
physx,3,physx_s3,257,25.756971,87.9294,148271.0
physx,3,physx_s3,258,25.753428,88.2707,148357.0
physx,3,physx_s3,259,26.385551,88.6016,150171.0
physx,3,physx_s3,260,26.600885,88.9352,148914.0
physx,3,physx_s3,261,26.536777,89.2692,148791.0
physx,3,physx_s3,262,26.247070,89.6016,149591.0
physx,3,physx_s3,263,26.112534,89.9315,150693.0
physx,3,physx_s3,264,26.964390,90.2642,149317.0
physx,3,physx_s3,265,26.602903,90.5914,151841.0
physx,3,physx_s3,266,26.321028,90.9228,149942.0
physx,3,physx_s3,267,26.723339,91.2541,150073.0
physx,3,physx_s3,268,26.730070,91.5828,151122.0
physx,3,physx_s3,269,26.797804,91.9046,154353.0
physx,3,physx_s3,270,27.157251,92.2338,150927.0
physx,3,physx_s3,271,27.704197,92.5665,149263.0
physx,3,physx_s3,272,27.750441,92.8999,148991.0
physx,3,physx_s3,273,27.883606,93.2273,151735.0
physx,3,physx_s3,274,27.776903,93.5570,150737.0
physx,3,physx_s3,275,27.585073,93.8906,149051.0
physx,3,physx_s3,276,27.412510,94.2218,150096.0
physx,3,physx_s3,277,27.705149,94.5473,152783.0
physx,3,physx_s3,278,28.009411,94.8765,150986.0
physx,3,physx_s3,279,28.106403,95.2072,150368.0
physx,3,physx_s3,280,28.041880,95.5340,152032.0
physx,3,physx_s3,281,28.221352,95.8553,154733.0
physx,3,physx_s3,282,27.962378,96.1843,151031.0
physx,3,physx_s3,283,27.426563,96.5135,150922.0
physx,3,physx_s3,284,27.782040,96.8334,155292.0
physx,3,physx_s3,285,28.275667,97.1563,153903.0
physx,3,physx_s3,286,28.195044,97.4965,145954.0
physx,3,physx_s3,287,28.493095,97.8281,149932.0
physx,3,physx_s3,288,27.994743,98.1562,153295.0
physx,3,physx_s3,289,28.465380,98.4861,150714.0
physx,3,physx_s3,290,28.403557,98.8103,153261.0
physx,3,physx_s3,291,28.745203,99.1465,147775.0
physx,3,physx_s3,292,28.765408,99.4750,151266.0
physx,3,physx_s3,293,28.845728,99.8024,151899.0
physx,3,physx_s3,294,29.308357,100.1382,147914.0
physx,3,physx_s3,295,28.911818,100.4692,150185.0
physx,3,physx_s3,296,28.127876,100.8012,149682.0
physx,3,physx_s3,297,28.852381,101.1246,153639.0
physx,3,physx_s3,298,29.289341,101.4572,149330.0
physx,3,physx_s3,299,29.057915,101.7926,148217.0
physx,4,physx_s4,0,-0.490382,0.0000,38424.0
physx,4,physx_s4,1,-0.712229,0.3181,157726.0
physx,4,physx_s4,2,-1.254699,0.6404,154270.0
physx,4,physx_s4,3,-2.141173,0.9655,152994.0
physx,4,physx_s4,4,-2.998370,1.3111,143780.0
physx,4,physx_s4,5,-3.828204,1.6486,147319.0
physx,4,physx_s4,6,-4.186594,1.9895,145842.0
physx,4,physx_s4,7,-4.234046,2.3272,147065.0
physx,4,physx_s4,8,-4.543979,2.6653,146931.0
physx,4,physx_s4,9,-4.545916,2.9989,148918.0
physx,4,physx_s4,10,-4.722571,3.3386,146204.0
physx,4,physx_s4,11,-4.914816,3.6761,147208.0
physx,4,physx_s4,12,-5.270884,4.0095,149046.0
physx,4,physx_s4,13,-5.544577,4.3426,149344.0
physx,4,physx_s4,14,-5.426918,4.6900,142976.0
physx,4,physx_s4,15,-5.502275,5.0210,150314.0
physx,4,physx_s4,16,-5.364314,5.3526,149989.0
physx,4,physx_s4,17,-5.473702,5.6790,152329.0
physx,4,physx_s4,18,-5.472822,6.0049,152387.0
physx,4,physx_s4,19,-5.534431,6.3389,148796.0
physx,4,physx_s4,20,-5.604934,6.6631,153239.0
physx,4,physx_s4,21,-5.768357,6.9862,153883.0
physx,4,physx_s4,22,-6.057947,7.3159,150620.0
physx,4,physx_s4,23,-6.432321,7.6448,151259.0
physx,4,physx_s4,24,-6.124414,7.9779,149136.0
physx,4,physx_s4,25,-5.834601,8.3073,150775.0
physx,4,physx_s4,26,-5.679872,8.6377,150340.0
physx,4,physx_s4,27,-5.309410,8.9659,151533.0
physx,4,physx_s4,28,-5.469278,9.2935,152137.0
physx,4,physx_s4,29,-5.469625,9.6220,154380.0
physx,4,physx_s4,30,-5.297465,9.9574,148321.0
physx,4,physx_s4,31,-6.085612,10.2896,149967.0
physx,4,physx_s4,32,-6.729471,10.6225,149418.0
physx,4,physx_s4,33,-6.700788,10.9468,153249.0
physx,4,physx_s4,34,-6.282067,11.2772,150421.0
physx,4,physx_s4,35,-6.008888,11.6123,148206.0
physx,4,physx_s4,36,-6.367704,11.9460,148885.0
physx,4,physx_s4,37,-6.757350,12.2704,153172.0
physx,4,physx_s4,38,-6.508902,12.6002,150591.0
physx,4,physx_s4,39,-6.062541,12.9540,140366.0
physx,4,physx_s4,40,-5.887249,13.2861,149512.0
physx,4,physx_s4,41,-5.743217,13.6159,150684.0
physx,4,physx_s4,42,-5.021712,13.9483,149443.0
physx,4,physx_s4,43,-4.127682,14.2760,152194.0
physx,4,physx_s4,44,-3.586294,14.6039,151727.0
physx,4,physx_s4,45,-2.205562,14.9383,148558.0
physx,4,physx_s4,46,-1.682026,15.2732,148417.0
physx,4,physx_s4,47,-2.423220,15.6093,148264.0
physx,4,physx_s4,48,-1.919651,15.9473,147109.0
physx,4,physx_s4,49,-1.386920,16.2809,148939.0
physx,4,physx_s4,50,-1.669198,16.6164,148048.0
physx,4,physx_s4,51,-0.580436,16.9694,141546.0
physx,4,physx_s4,52,-0.441792,17.3067,147262.0
physx,4,physx_s4,53,0.480402,17.6459,146489.0
physx,4,physx_s4,54,0.578018,17.9849,146476.0
physx,4,physx_s4,55,0.358749,18.3270,145227.0
physx,4,physx_s4,56,0.956145,18.6647,147072.0
physx,4,physx_s4,57,1.686197,19.0112,143307.0
physx,4,physx_s4,58,1.429217,19.3420,150189.0
physx,4,physx_s4,59,1.657714,19.6702,151427.0
physx,4,physx_s4,60,2.170911,19.9969,152201.0
physx,4,physx_s4,61,1.477607,20.3304,149041.0
physx,4,physx_s4,62,2.107111,20.6512,154829.0
physx,4,physx_s4,63,2.849135,20.9787,151783.0
physx,4,physx_s4,64,2.867987,21.3040,152724.0
physx,4,physx_s4,65,3.479820,21.6340,150475.0
physx,4,physx_s4,66,3.479682,21.9644,150357.0
physx,4,physx_s4,67,3.550452,22.2871,153944.0
physx,4,physx_s4,68,3.906580,22.6320,143954.0
physx,4,physx_s4,69,3.518641,22.9667,151285.0
physx,4,physx_s4,70,3.333950,23.2992,149563.0
physx,4,physx_s4,71,3.567398,23.6277,151231.0
physx,4,physx_s4,72,4.725996,23.9647,147524.0
physx,4,physx_s4,73,5.071841,24.3026,146977.0
physx,4,physx_s4,74,4.953936,24.6314,151034.0
physx,4,physx_s4,75,5.326886,24.9610,150710.0
physx,4,physx_s4,76,5.534639,25.2900,151025.0
physx,4,physx_s4,77,6.329739,25.6227,149289.0
physx,4,physx_s4,78,6.834841,25.9531,150325.0
physx,4,physx_s4,79,6.030426,26.2807,151699.0
physx,4,physx_s4,80,6.344885,26.6124,149739.0
physx,4,physx_s4,81,6.453722,26.9373,152902.0
physx,4,physx_s4,82,6.470380,27.2646,151766.0
physx,4,physx_s4,83,6.168944,27.5914,151981.0
physx,4,physx_s4,84,6.023484,27.9233,149737.0
physx,4,physx_s4,85,6.781142,28.2521,151122.0
physx,4,physx_s4,86,7.904302,28.5800,151470.0
physx,4,physx_s4,87,8.960253,28.9164,147718.0
physx,4,physx_s4,88,7.097243,29.2474,150127.0
physx,4,physx_s4,89,7.741640,29.5844,147385.0
physx,4,physx_s4,90,7.388874,29.9165,149639.0
physx,4,physx_s4,91,8.120290,30.2515,148351.0
physx,4,physx_s4,92,7.700180,30.5908,149254.0
physx,4,physx_s4,93,8.404686,30.9322,145758.0
physx,4,physx_s4,94,7.988882,31.2690,147552.0
physx,4,physx_s4,95,7.190773,31.6057,147488.0
physx,4,physx_s4,96,7.653800,31.9437,148922.0
physx,4,physx_s4,97,9.039133,32.2761,149484.0
physx,4,physx_s4,98,8.654304,32.6022,152361.0
physx,4,physx_s4,99,8.457395,32.9315,150959.0
physx,4,physx_s4,100,8.911972,33.2636,149631.0
physx,4,physx_s4,101,9.242329,33.5896,153541.0
physx,4,physx_s4,102,9.623012,33.9240,148573.0
physx,4,physx_s4,103,8.754970,34.2492,153009.0
physx,4,physx_s4,104,8.219152,34.5705,154642.0
physx,4,physx_s4,105,8.350104,34.8919,154530.0
physx,4,physx_s4,106,8.605162,35.2186,152090.0
physx,4,physx_s4,107,8.709360,35.5458,151840.0
physx,4,physx_s4,108,9.647807,35.8764,150361.0
physx,4,physx_s4,109,10.396720,36.1969,155040.0
physx,4,physx_s4,110,10.209910,36.5246,151616.0
physx,4,physx_s4,111,9.876939,36.8431,156041.0
physx,4,physx_s4,112,10.243039,37.1735,150401.0
physx,4,physx_s4,113,10.012201,37.4949,154555.0
physx,4,physx_s4,114,9.795964,37.8238,151037.0
physx,4,physx_s4,115,10.138395,38.1511,151734.0
physx,4,physx_s4,116,10.728984,38.4748,153458.0
physx,4,physx_s4,117,10.429653,38.7975,154102.0
physx,4,physx_s4,118,10.069821,39.1223,152917.0
physx,4,physx_s4,119,10.605530,39.4480,152497.0
physx,4,physx_s4,120,10.521220,39.7683,155078.0
physx,4,physx_s4,121,10.778081,40.0963,151555.0
physx,4,physx_s4,122,11.877762,40.4249,151144.0
physx,4,physx_s4,123,11.586950,40.7478,153831.0
physx,4,physx_s4,124,11.511572,41.0722,153074.0
physx,4,physx_s4,125,11.685176,41.3942,154255.0
physx,4,physx_s4,126,12.027770,41.7208,152151.0
physx,4,physx_s4,127,11.295379,42.0554,148576.0
physx,4,physx_s4,128,11.338607,42.3888,149152.0
physx,4,physx_s4,129,13.248309,42.7256,147531.0
physx,4,physx_s4,130,12.119189,43.0592,149034.0
physx,4,physx_s4,131,12.056025,43.3929,148866.0
physx,4,physx_s4,132,12.749842,43.7233,150340.0
physx,4,physx_s4,133,11.735106,44.0553,149625.0
physx,4,physx_s4,134,11.229151,44.3850,150663.0
physx,4,physx_s4,135,12.458767,44.7183,149006.0
physx,4,physx_s4,136,12.406524,45.0500,149756.0
physx,4,physx_s4,137,13.214720,45.3768,151999.0
physx,4,physx_s4,138,13.321701,45.7039,151830.0
physx,4,physx_s4,139,12.345226,46.0371,149031.0
physx,4,physx_s4,140,13.380877,46.3653,151308.0
physx,4,physx_s4,141,12.431479,46.6926,151782.0
physx,4,physx_s4,142,12.712010,47.0158,153879.0
physx,4,physx_s4,143,13.633636,47.3419,152308.0
physx,4,physx_s4,144,13.354587,47.6747,149368.0
physx,4,physx_s4,145,13.225881,47.9947,155378.0
physx,4,physx_s4,146,13.552245,48.3132,155947.0
physx,4,physx_s4,147,14.080037,48.6416,151469.0
physx,4,physx_s4,148,13.768384,48.9664,152965.0
physx,4,physx_s4,149,12.852484,49.2948,151348.0
physx,4,physx_s4,150,12.734377,49.6211,152417.0
physx,4,physx_s4,151,13.209163,49.9513,151611.0
physx,4,physx_s4,152,13.470749,50.2796,151293.0
physx,4,physx_s4,153,13.367119,50.5990,155473.0
physx,4,physx_s4,154,13.898015,50.9249,152568.0
physx,4,physx_s4,155,14.084175,51.2539,150989.0
physx,4,physx_s4,156,14.103004,51.5842,150413.0
physx,4,physx_s4,157,15.555636,51.9154,149924.0
physx,4,physx_s4,158,15.767179,52.2379,153994.0
physx,4,physx_s4,159,15.374267,52.5660,151407.0
physx,4,physx_s4,160,13.969647,52.9008,148338.0
physx,4,physx_s4,161,13.857029,53.2367,150778.0
physx,4,physx_s4,162,13.979755,53.5581,154703.0
physx,4,physx_s4,163,14.324010,53.8835,152699.0
physx,4,physx_s4,164,14.363091,54.2111,151648.0
physx,4,physx_s4,165,13.819140,54.5350,153342.0
physx,4,physx_s4,166,13.974256,54.8692,148642.0
physx,4,physx_s4,167,15.078124,55.1922,153846.0
physx,4,physx_s4,168,15.416718,55.5188,152225.0
physx,4,physx_s4,169,15.382582,55.8511,149584.0
physx,4,physx_s4,170,16.132469,56.1848,148858.0
physx,4,physx_s4,171,14.877021,56.5206,147900.0
physx,4,physx_s4,172,15.699258,56.8539,148989.0
physx,4,physx_s4,173,15.725009,57.1850,150019.0
physx,4,physx_s4,174,16.118416,57.5219,147544.0
physx,4,physx_s4,175,16.338121,57.8554,149016.0
physx,4,physx_s4,176,16.045719,58.1925,147394.0
physx,4,physx_s4,177,15.903403,58.5273,148387.0
physx,4,physx_s4,178,15.803796,58.8619,148485.0
physx,4,physx_s4,179,16.296551,59.1914,150844.0
physx,4,physx_s4,180,16.456917,59.5229,149878.0
physx,4,physx_s4,181,16.662113,59.8553,149435.0
physx,4,physx_s4,182,16.308701,60.1939,146657.0
physx,4,physx_s4,183,15.876414,60.5250,150186.0
physx,4,physx_s4,184,17.233192,60.8553,150514.0
physx,4,physx_s4,185,17.393625,61.1833,151410.0
physx,4,physx_s4,186,17.595755,61.5155,149657.0
physx,4,physx_s4,187,17.419794,61.8345,155758.0
physx,4,physx_s4,188,17.840281,62.1640,150843.0
physx,4,physx_s4,189,18.194834,62.4905,152254.0
physx,4,physx_s4,190,18.110775,62.8239,149170.0
physx,4,physx_s4,191,17.998938,63.1539,150618.0
physx,4,physx_s4,192,18.411596,63.4819,154527.0
physx,4,physx_s4,193,18.191406,63.8136,149828.0
physx,4,physx_s4,194,18.343136,64.1321,156046.0
physx,4,physx_s4,195,18.831089,64.4599,151490.0
physx,4,physx_s4,196,18.480778,64.7873,151698.0
physx,4,physx_s4,197,18.477217,65.1194,149576.0
physx,4,physx_s4,198,18.600496,65.4508,149984.0
physx,4,physx_s4,199,18.398533,65.7707,155423.0
physx,4,physx_s4,200,17.964174,66.0990,151421.0
physx,4,physx_s4,201,18.241117,66.4283,151883.0
physx,4,physx_s4,202,18.854136,66.7623,148713.0
physx,4,physx_s4,203,19.224880,67.0892,151964.0
physx,4,physx_s4,204,18.191099,67.4267,147278.0
physx,4,physx_s4,205,18.401505,67.7575,150142.0
physx,4,physx_s4,206,19.338387,68.0922,148432.0
physx,4,physx_s4,207,19.973658,68.4164,153244.0
physx,4,physx_s4,208,19.492477,68.7429,152101.0
physx,4,physx_s4,209,19.639288,69.0629,155382.0
physx,4,physx_s4,210,19.919630,69.3910,151355.0
physx,4,physx_s4,211,20.601610,69.7211,150554.0
physx,4,physx_s4,212,20.764956,70.0512,150508.0
physx,4,physx_s4,213,20.800449,70.3812,150601.0
physx,4,physx_s4,214,20.545107,70.7207,146421.0
physx,4,physx_s4,215,20.947599,71.0540,149179.0
physx,4,physx_s4,216,20.991449,71.3888,148516.0
physx,4,physx_s4,217,20.812231,71.7195,150279.0
physx,4,physx_s4,218,20.421928,72.0571,147114.0
physx,4,physx_s4,219,21.162378,72.3900,149201.0
physx,4,physx_s4,220,20.917536,72.7247,148504.0
physx,4,physx_s4,221,21.121748,73.0580,149040.0
physx,4,physx_s4,222,21.730125,73.3935,148182.0
physx,4,physx_s4,223,21.667564,73.7268,149107.0
physx,4,physx_s4,224,21.690681,74.0584,149893.0
physx,4,physx_s4,225,21.328918,74.3941,147957.0
physx,4,physx_s4,226,21.689648,74.7279,148798.0
physx,4,physx_s4,227,22.167315,75.0541,152413.0
physx,4,physx_s4,228,22.767923,75.3763,154298.0
physx,4,physx_s4,229,23.017164,75.7021,152434.0
physx,4,physx_s4,230,22.701391,76.0355,148981.0
physx,4,physx_s4,231,22.764210,76.3643,151021.0
physx,4,physx_s4,232,23.202732,76.6884,153431.0
physx,4,physx_s4,233,23.170599,77.0264,147017.0
physx,4,physx_s4,234,23.253653,77.3544,151481.0
physx,4,physx_s4,235,23.358259,77.6908,147554.0
physx,4,physx_s4,236,23.338562,78.0097,155821.0
physx,4,physx_s4,237,23.597233,78.3371,151740.0
physx,4,physx_s4,238,23.943512,78.6620,152881.0
physx,4,physx_s4,239,23.908573,78.9947,149380.0
physx,4,physx_s4,240,24.340321,79.3237,151126.0
physx,4,physx_s4,241,24.363544,79.6418,156183.0
physx,4,physx_s4,242,24.544252,79.9632,154561.0
physx,4,physx_s4,243,24.642357,80.2933,150482.0
physx,4,physx_s4,244,24.760286,80.6172,153376.0
physx,4,physx_s4,245,25.090239,80.9386,154534.0
physx,4,physx_s4,246,25.451107,81.2722,149037.0
physx,4,physx_s4,247,25.418953,81.5992,151904.0
physx,4,physx_s4,248,25.462978,81.9233,153251.0
physx,4,physx_s4,249,25.557028,82.2435,155150.0
physx,4,physx_s4,250,25.704714,82.5623,155806.0
physx,4,physx_s4,251,25.780054,82.8840,155473.0
physx,4,physx_s4,252,25.772825,83.2116,151785.0
physx,4,physx_s4,253,26.094965,83.5412,150878.0
physx,4,physx_s4,254,26.565701,83.8650,153502.0
physx,4,physx_s4,255,26.235453,84.1943,151031.0
physx,4,physx_s4,256,26.150021,84.5252,150109.0
physx,4,physx_s4,257,26.590822,84.8523,151994.0
physx,4,physx_s4,258,26.343143,85.1828,150314.0
physx,4,physx_s4,259,26.353514,85.5119,151113.0
physx,4,physx_s4,260,26.703733,85.8424,150323.0
physx,4,physx_s4,261,26.595819,86.1723,150698.0
physx,4,physx_s4,262,26.788187,86.4978,152624.0
physx,4,physx_s4,263,27.249746,86.8269,150936.0
physx,4,physx_s4,264,27.545059,87.1600,149220.0
physx,4,physx_s4,265,27.638859,87.4888,151216.0
physx,4,physx_s4,266,27.324747,87.8155,152025.0
physx,4,physx_s4,267,27.493635,88.1440,151118.0
physx,4,physx_s4,268,27.495047,88.4772,149173.0
physx,4,physx_s4,269,27.721491,88.8044,151809.0
physx,4,physx_s4,270,27.894203,89.1247,155206.0
physx,4,physx_s4,271,28.165394,89.4422,156603.0
physx,4,physx_s4,272,27.927418,89.7657,153513.0
physx,4,physx_s4,273,27.762075,90.0869,154648.0
physx,4,physx_s4,274,28.219286,90.4102,153801.0
physx,4,physx_s4,275,28.270071,90.7297,155573.0
physx,4,physx_s4,276,28.164330,91.0498,155242.0
physx,4,physx_s4,277,28.323948,91.3711,154640.0
physx,4,physx_s4,278,28.367369,91.6876,156950.0
physx,4,physx_s4,279,28.659327,92.0099,154171.0
physx,4,physx_s4,280,29.182161,92.3368,151949.0
physx,4,physx_s4,281,29.036081,92.6647,151524.0
physx,4,physx_s4,282,28.946775,92.9886,153379.0
physx,4,physx_s4,283,28.945799,93.3161,154832.0
physx,4,physx_s4,284,29.121237,93.6385,154127.0
physx,4,physx_s4,285,28.983322,93.9631,153103.0
physx,4,physx_s4,286,29.409922,94.2886,152677.0
physx,4,physx_s4,287,29.503773,94.6046,157222.0
physx,4,physx_s4,288,29.611010,94.9303,154512.0
physx,4,physx_s4,289,29.374662,95.2560,152615.0
physx,4,physx_s4,290,29.415808,95.5746,155895.0
physx,4,physx_s4,291,29.573448,95.8954,154841.0
physx,4,physx_s4,292,29.677771,96.2107,157589.0
physx,4,physx_s4,293,29.743608,96.5338,153903.0
physx,4,physx_s4,294,29.985809,96.8601,152421.0
physx,4,physx_s4,295,30.188665,97.1881,151522.0
physx,4,physx_s4,296,29.968019,97.5137,152622.0
physx,4,physx_s4,297,29.503750,97.8517,146886.0
physx,4,physx_s4,298,29.837194,98.1846,149153.0
physx,4,physx_s4,299,30.140034,98.5167,149550.0
physx,5,physx_s5,0,-0.537117,0.0000,38943.0
physx,5,physx_s5,1,-0.799019,0.3294,152243.0
physx,5,physx_s5,2,-1.383141,0.6566,151988.0
physx,5,physx_s5,3,-2.202361,0.9896,149343.0
physx,5,physx_s5,4,-2.868492,1.3250,148257.0
physx,5,physx_s5,5,-3.424013,1.6531,151747.0
physx,5,physx_s5,6,-3.953503,1.9982,144110.0
physx,5,physx_s5,7,-3.993842,2.3331,148488.0
physx,5,physx_s5,8,-3.836575,2.6669,148986.0
physx,5,physx_s5,9,-4.521197,3.0031,147911.0
physx,5,physx_s5,10,-4.306344,3.3396,147782.0
physx,5,physx_s5,11,-4.655696,3.6708,150034.0
physx,5,physx_s5,12,-4.604187,4.0116,145803.0
physx,5,physx_s5,13,-5.069256,4.3440,149486.0
physx,5,physx_s5,14,-5.150997,4.6722,151366.0
physx,5,physx_s5,15,-4.840435,5.0078,147987.0
physx,5,physx_s5,16,-5.213737,5.3391,149901.0
physx,5,physx_s5,17,-5.337816,5.6696,150311.0
physx,5,physx_s5,18,-5.249576,5.9986,151249.0
physx,5,physx_s5,19,-5.104352,6.3216,153826.0
physx,5,physx_s5,20,-5.181948,6.6478,152360.0
physx,5,physx_s5,21,-5.362841,6.9733,152732.0
physx,5,physx_s5,22,-5.348054,7.3061,149276.0
physx,5,physx_s5,23,-4.773756,7.6310,153019.0
physx,5,physx_s5,24,-5.047969,7.9709,146127.0
physx,5,physx_s5,25,-6.619388,8.3072,147697.0
physx,5,physx_s5,26,-6.417592,8.6359,151138.0
physx,5,physx_s5,27,-6.189597,8.9630,151876.0
physx,5,physx_s5,28,-6.545498,9.2947,149866.0
physx,5,physx_s5,29,-6.462258,9.6345,146279.0
physx,5,physx_s5,30,-6.052120,9.9637,150926.0
physx,5,physx_s5,31,-5.921643,10.3010,147311.0
physx,5,physx_s5,32,-5.585551,10.6297,151161.0
physx,5,physx_s5,33,-5.118220,10.9565,152030.0
physx,5,physx_s5,34,-4.910090,11.2837,151773.0
physx,5,physx_s5,35,-4.748044,11.6173,149042.0
physx,5,physx_s5,36,-5.148123,11.9489,149918.0
physx,5,physx_s5,37,-5.559183,12.2813,149529.0
physx,5,physx_s5,38,-6.063184,12.6133,149638.0
physx,5,physx_s5,39,-5.992722,12.9480,148346.0
physx,5,physx_s5,40,-5.390000,13.2750,151925.0
physx,5,physx_s5,41,-4.960600,13.6062,149930.0
physx,5,physx_s5,42,-5.022032,13.9355,150906.0
physx,5,physx_s5,43,-4.642896,14.2644,151059.0
physx,5,physx_s5,44,-3.548816,14.5946,150470.0
physx,5,physx_s5,45,-3.256419,14.9298,148234.0
physx,5,physx_s5,46,-3.342636,15.2626,149292.0
physx,5,physx_s5,47,-2.690351,15.5918,150919.0
physx,5,physx_s5,48,-2.249824,15.9268,148328.0
physx,5,physx_s5,49,-2.100901,16.2621,148204.0
physx,5,physx_s5,50,-2.161077,16.5977,148103.0
physx,5,physx_s5,51,-2.037546,16.9300,150462.0
physx,5,physx_s5,52,-0.617691,17.2650,148243.0
physx,5,physx_s5,53,-0.346801,17.5951,150481.0
physx,5,physx_s5,54,-0.843600,17.9284,149002.0
physx,5,physx_s5,55,-0.415647,18.2555,152066.0
physx,5,physx_s5,56,-0.288427,18.5837,151382.0
physx,5,physx_s5,57,0.388858,18.9143,150399.0
physx,5,physx_s5,58,0.792960,19.2474,149254.0
physx,5,physx_s5,59,0.700077,19.5845,147429.0
physx,5,physx_s5,60,1.614789,19.9155,150174.0
physx,5,physx_s5,61,2.595083,20.2428,151951.0
physx,5,physx_s5,62,3.134012,20.5778,148379.0
physx,5,physx_s5,63,3.469095,20.9101,149748.0
physx,5,physx_s5,64,3.011030,21.2473,147434.0
physx,5,physx_s5,65,3.133375,21.5837,147951.0
physx,5,physx_s5,66,3.395190,21.9209,147360.0
physx,5,physx_s5,67,4.279390,22.2719,144074.0
physx,5,physx_s5,68,4.460780,22.6074,148080.0
physx,5,physx_s5,69,3.460695,22.9411,148817.0
physx,5,physx_s5,70,3.019154,23.2807,146231.0
physx,5,physx_s5,71,3.186944,23.6257,144016.0
physx,5,physx_s5,72,4.347428,23.9687,144755.0
physx,5,physx_s5,73,4.467632,24.3061,147316.0
physx,5,physx_s5,74,4.945356,24.6379,149662.0
physx,5,physx_s5,75,4.409482,24.9722,148622.0
physx,5,physx_s5,76,3.978460,25.3151,144789.0
physx,5,physx_s5,77,4.278015,25.6575,145155.0
physx,5,physx_s5,78,4.502002,25.9968,146349.0
physx,5,physx_s5,79,5.043073,26.3376,145754.0
physx,5,physx_s5,80,4.822648,26.6824,144014.0
physx,5,physx_s5,81,3.987261,27.0266,144375.0
physx,5,physx_s5,82,4.547160,27.3936,137832.0
physx,5,physx_s5,83,5.682257,27.7395,143522.0
physx,5,physx_s5,84,5.592608,28.0819,145027.0
physx,5,physx_s5,85,6.242400,28.4235,145357.0
physx,5,physx_s5,86,5.765074,28.7652,145304.0
physx,5,physx_s5,87,5.454864,29.1148,142017.0
physx,5,physx_s5,88,6.143952,29.4671,141032.0
physx,5,physx_s5,89,5.788647,29.8228,139545.0
physx,5,physx_s5,90,7.764781,30.1744,141328.0
physx,5,physx_s5,91,7.611681,30.5194,144008.0
physx,5,physx_s5,92,7.732979,30.8582,146664.0
physx,5,physx_s5,93,6.699388,31.1946,147617.0
physx,5,physx_s5,94,7.600665,31.5432,142577.0
physx,5,physx_s5,95,8.591577,31.8815,146939.0
physx,5,physx_s5,96,7.697435,32.2246,146779.0
physx,5,physx_s5,97,7.685991,32.5624,147083.0
physx,5,physx_s5,98,8.212111,32.9070,144250.0
physx,5,physx_s5,99,8.446053,33.2490,145475.0
physx,5,physx_s5,100,9.034245,33.5970,142641.0
physx,5,physx_s5,101,8.685499,33.9463,143019.0
physx,5,physx_s5,102,9.093274,34.2817,148064.0
physx,5,physx_s5,103,8.435489,34.6147,149234.0
physx,5,physx_s5,104,7.875338,34.9481,149041.0
physx,5,physx_s5,105,8.708450,35.2887,145781.0
physx,5,physx_s5,106,9.411946,35.6206,149614.0
physx,5,physx_s5,107,10.187371,35.9553,148535.0
physx,5,physx_s5,108,10.038686,36.2943,146515.0
physx,5,physx_s5,109,9.623509,36.6328,146670.0
physx,5,physx_s5,110,10.048468,36.9696,147609.0
physx,5,physx_s5,111,10.700235,37.3166,143143.0
physx,5,physx_s5,112,11.512566,37.6556,146885.0
physx,5,physx_s5,113,10.626171,38.0031,143020.0
physx,5,physx_s5,114,8.983399,38.3414,146805.0
physx,5,physx_s5,115,9.471297,38.6818,145917.0
physx,5,physx_s5,116,10.429355,39.0241,145016.0
physx,5,physx_s5,117,9.575525,39.3741,141990.0
physx,5,physx_s5,118,8.576590,39.7231,142224.0
physx,5,physx_s5,119,9.861593,40.0590,147837.0
physx,5,physx_s5,120,10.162881,40.4047,143603.0
physx,5,physx_s5,121,10.035436,40.7574,140798.0
physx,5,physx_s5,122,9.863685,41.1039,143257.0
physx,5,physx_s5,123,9.550717,41.4565,140756.0
physx,5,physx_s5,124,10.825376,41.8213,136033.0
physx,5,physx_s5,125,10.966562,42.1683,143072.0
physx,5,physx_s5,126,10.667771,42.5155,142941.0
physx,5,physx_s5,127,10.325165,42.8633,142790.0
physx,5,physx_s5,128,10.500162,43.2241,137678.0
physx,5,physx_s5,129,11.755133,43.5870,136828.0
physx,5,physx_s5,130,12.221517,43.9367,142032.0
physx,5,physx_s5,131,11.361384,44.2822,143837.0
physx,5,physx_s5,132,11.188167,44.6210,146657.0
physx,5,physx_s5,133,10.925625,44.9612,145957.0
physx,5,physx_s5,134,11.547595,45.2983,147468.0
physx,5,physx_s5,135,12.950816,45.6453,143022.0
physx,5,physx_s5,136,11.964620,45.9897,144263.0
physx,5,physx_s5,137,11.055307,46.3320,145211.0
physx,5,physx_s5,138,10.872653,46.6724,145861.0
physx,5,physx_s5,139,10.951623,47.0097,147211.0
physx,5,physx_s5,140,10.770404,47.3534,144443.0
physx,5,physx_s5,141,10.420439,47.6937,145930.0
physx,5,physx_s5,142,10.680531,48.0429,142179.0
physx,5,physx_s5,143,10.182039,48.3778,148282.0
physx,5,physx_s5,144,10.038326,48.7135,147993.0
physx,5,physx_s5,145,11.302711,49.0508,147286.0
physx,5,physx_s5,146,12.043602,49.3808,150533.0
physx,5,physx_s5,147,12.061593,49.7290,142903.0
physx,5,physx_s5,148,12.025867,50.0624,149112.0
physx,5,physx_s5,149,12.819322,50.3984,147920.0
physx,5,physx_s5,150,12.394471,50.7446,143942.0
physx,5,physx_s5,151,13.873827,51.0865,146199.0
physx,5,physx_s5,152,13.998102,51.4359,142109.0
physx,5,physx_s5,153,13.200304,51.7826,143202.0
physx,5,physx_s5,154,12.495908,52.1255,144838.0
physx,5,physx_s5,155,12.163500,52.4685,144911.0
physx,5,physx_s5,156,11.788118,52.8137,143805.0
physx,5,physx_s5,157,11.365796,53.1527,146494.0
physx,5,physx_s5,158,12.093988,53.4944,145295.0
physx,5,physx_s5,159,12.821484,53.8348,145915.0
physx,5,physx_s5,160,13.310190,54.1820,143152.0
physx,5,physx_s5,161,12.806711,54.5259,144537.0
physx,5,physx_s5,162,13.012513,54.8729,143426.0
physx,5,physx_s5,163,14.257757,55.2176,144216.0
physx,5,physx_s5,164,14.071462,55.5607,144771.0
physx,5,physx_s5,165,14.086097,55.9011,145854.0
physx,5,physx_s5,166,14.233626,56.2467,143850.0
physx,5,physx_s5,167,13.730757,56.6033,139266.0
physx,5,physx_s5,168,12.364651,56.9451,145470.0
physx,5,physx_s5,169,12.394563,57.2802,148276.0
physx,5,physx_s5,170,13.331190,57.6264,143408.0
physx,5,physx_s5,171,12.836641,57.9807,140149.0
physx,5,physx_s5,172,13.453585,58.3260,144425.0
physx,5,physx_s5,173,13.885770,58.6765,141654.0
physx,5,physx_s5,174,13.410637,59.0260,142133.0
physx,5,physx_s5,175,14.074091,59.3710,143907.0
physx,5,physx_s5,176,13.598289,59.7134,145046.0
physx,5,physx_s5,177,13.331028,60.0608,142977.0
physx,5,physx_s5,178,14.034150,60.4099,142329.0
physx,5,physx_s5,179,14.963758,60.7581,142556.0
physx,5,physx_s5,180,14.630383,61.1186,138170.0
physx,5,physx_s5,181,14.174535,61.4688,141825.0
physx,5,physx_s5,182,13.808955,61.8150,143506.0
physx,5,physx_s5,183,14.180567,62.1774,137031.0
physx,5,physx_s5,184,14.732090,62.5282,141547.0
physx,5,physx_s5,185,14.862102,62.8673,146474.0
physx,5,physx_s5,186,15.394131,63.2088,145411.0
physx,5,physx_s5,187,15.401944,63.5534,144211.0
physx,5,physx_s5,188,15.242412,63.8984,143969.0
physx,5,physx_s5,189,15.242714,64.2427,144340.0
physx,5,physx_s5,190,15.306902,64.5857,144745.0
physx,5,physx_s5,191,16.087488,64.9305,144001.0
physx,5,physx_s5,192,16.047415,65.2802,143622.0
physx,5,physx_s5,193,15.427636,65.6193,146406.0
physx,5,physx_s5,194,15.000610,65.9647,143733.0
physx,5,physx_s5,195,15.151874,66.3080,144589.0
physx,5,physx_s5,196,16.626745,66.6620,140261.0
physx,5,physx_s5,197,17.081854,67.0088,143168.0
physx,5,physx_s5,198,17.550278,67.3516,144838.0
physx,5,physx_s5,199,16.955027,67.6935,145184.0
physx,5,physx_s5,200,16.101067,68.0380,144066.0
physx,5,physx_s5,201,16.433771,68.3821,145333.0
physx,5,physx_s5,202,16.670349,68.7245,145081.0
physx,5,physx_s5,203,15.887858,69.0666,145298.0
physx,5,physx_s5,204,16.909994,69.4139,143007.0
physx,5,physx_s5,205,17.368921,69.7630,142260.0
physx,5,physx_s5,206,16.579073,70.1010,146933.0
physx,5,physx_s5,207,17.859249,70.4421,145601.0
physx,5,physx_s5,208,18.256042,70.7754,149034.0
physx,5,physx_s5,209,17.547743,71.1159,145860.0
physx,5,physx_s5,210,17.481558,71.4518,147874.0
physx,5,physx_s5,211,18.543032,71.7915,146238.0
physx,5,physx_s5,212,18.843874,72.1283,147581.0
physx,5,physx_s5,213,18.981945,72.4733,143924.0
physx,5,physx_s5,214,18.542734,72.8128,146420.0
physx,5,physx_s5,215,17.871012,73.1516,146640.0
physx,5,physx_s5,216,19.685665,73.4970,146439.0
physx,5,physx_s5,217,19.819860,73.8358,146731.0
physx,5,physx_s5,218,19.903736,74.1834,142855.0
physx,5,physx_s5,219,20.528080,74.5263,144891.0
physx,5,physx_s5,220,20.469296,74.8722,143564.0
physx,5,physx_s5,221,20.098381,75.2100,147085.0
physx,5,physx_s5,222,20.006117,75.5417,149787.0
physx,5,physx_s5,223,19.987831,75.8748,149172.0
physx,5,physx_s5,224,20.735182,76.2080,149023.0
physx,5,physx_s5,225,21.208193,76.5444,147589.0
physx,5,physx_s5,226,21.723150,76.8763,149683.0
physx,5,physx_s5,227,21.829510,77.2062,150589.0
physx,5,physx_s5,228,21.963568,77.5381,149797.0
physx,5,physx_s5,229,21.825197,77.8662,151518.0
physx,5,physx_s5,230,22.161905,78.1978,149941.0
physx,5,physx_s5,231,22.804127,78.5348,150357.0
physx,5,physx_s5,232,22.411100,78.8643,151022.0
physx,5,physx_s5,233,23.282578,79.1998,148190.0
physx,5,physx_s5,234,23.551857,79.5347,148610.0
physx,5,physx_s5,235,23.386683,79.8630,151500.0
physx,5,physx_s5,236,23.198191,80.1995,147661.0
physx,5,physx_s5,237,23.640522,80.5312,149963.0
physx,5,physx_s5,238,23.729742,80.8675,147876.0
physx,5,physx_s5,239,23.880659,81.2014,148975.0
physx,5,physx_s5,240,24.085751,81.5320,150309.0
physx,5,physx_s5,241,24.488556,81.8675,148165.0
physx,5,physx_s5,242,24.541080,82.1994,149829.0
physx,5,physx_s5,243,24.128233,82.5309,149987.0
physx,5,physx_s5,244,24.140594,82.8597,151152.0
physx,5,physx_s5,245,24.560125,83.1929,149174.0
physx,5,physx_s5,246,24.861610,83.5253,149469.0
physx,5,physx_s5,247,24.968679,83.8635,146839.0
physx,5,physx_s5,248,25.539886,84.2020,146723.0
physx,5,physx_s5,249,25.360102,84.5405,146754.0
physx,5,physx_s5,250,24.991795,84.8691,151250.0
physx,5,physx_s5,251,25.478462,85.1993,151610.0
physx,5,physx_s5,252,25.490458,85.5297,150502.0
physx,5,physx_s5,253,25.700670,85.8610,149957.0
physx,5,physx_s5,254,25.576479,86.1920,150029.0
physx,5,physx_s5,255,26.017422,86.5254,149024.0
physx,5,physx_s5,256,26.369009,86.8615,147829.0
physx,5,physx_s5,257,26.369316,87.1968,148268.0
physx,5,physx_s5,258,26.560377,87.5323,148033.0
physx,5,physx_s5,259,26.840889,87.8614,150926.0
physx,5,physx_s5,260,27.038992,88.1958,148576.0
physx,5,physx_s5,261,27.006376,88.5313,148044.0
physx,5,physx_s5,262,27.430534,88.8640,149293.0
physx,5,physx_s5,263,27.134605,89.1945,150286.0
physx,5,physx_s5,264,27.190296,89.5263,149690.0
physx,5,physx_s5,265,27.426594,89.8624,147877.0
physx,5,physx_s5,266,27.538799,90.1922,150630.0
physx,5,physx_s5,267,27.780077,90.5243,149657.0
physx,5,physx_s5,268,27.888542,90.8490,153085.0
physx,5,physx_s5,269,27.534418,91.1748,152476.0
physx,5,physx_s5,270,27.689005,91.5061,149891.0
physx,5,physx_s5,271,27.786369,91.8349,151028.0
physx,5,physx_s5,272,27.818213,92.1641,150861.0
physx,5,physx_s5,273,27.998537,92.4912,151951.0
physx,5,physx_s5,274,28.169212,92.8202,150988.0
physx,5,physx_s5,275,28.041231,93.1490,151058.0
physx,5,physx_s5,276,28.424360,93.4745,152637.0
physx,5,physx_s5,277,28.678179,93.8022,151629.0
physx,5,physx_s5,278,28.659262,94.1310,151026.0
physx,5,physx_s5,279,28.670073,94.4604,150851.0
physx,5,physx_s5,280,28.404099,94.7858,152647.0
physx,5,physx_s5,281,28.447050,95.1231,147225.0
physx,5,physx_s5,282,28.946989,95.4584,148302.0
physx,5,physx_s5,283,29.326708,95.7916,149213.0
physx,5,physx_s5,284,29.334318,96.1193,151604.0
physx,5,physx_s5,285,29.051060,96.4488,150745.0
physx,5,physx_s5,286,28.885544,96.7752,152189.0
physx,5,physx_s5,287,29.316132,97.1075,149577.0
physx,5,physx_s5,288,29.493200,97.4413,150700.0
physx,5,physx_s5,289,29.279282,97.7714,150465.0
physx,5,physx_s5,290,29.260561,98.1049,151871.0
physx,5,physx_s5,291,29.378101,98.4364,149968.0
physx,5,physx_s5,292,29.272181,98.7640,151599.0
physx,5,physx_s5,293,29.115753,99.0955,149898.0
physx,5,physx_s5,294,29.488153,99.4211,152616.0
physx,5,physx_s5,295,29.651798,99.7529,149687.0
physx,5,physx_s5,296,29.805508,100.0826,150710.0
physx,5,physx_s5,297,29.826700,100.4147,149542.0
physx,5,physx_s5,298,29.893253,100.7494,148441.0
physx,5,physx_s5,299,29.981457,101.0852,147994.0
physx,6,physx_s6,0,-0.636824,0.0000,39102.0
physx,6,physx_s6,1,-0.960363,0.3280,153002.0
physx,6,physx_s6,2,-1.354266,0.6555,151866.0
physx,6,physx_s6,3,-2.212430,0.9891,149024.0
physx,6,physx_s6,4,-3.259500,1.3209,149848.0
physx,6,physx_s6,5,-4.060699,1.6587,147153.0
physx,6,physx_s6,6,-4.394816,1.9907,149782.0
physx,6,physx_s6,7,-4.882405,2.3306,146294.0
physx,6,physx_s6,8,-5.030297,2.6707,145976.0
physx,6,physx_s6,9,-5.803875,3.0146,144409.0
physx,6,physx_s6,10,-5.764005,3.3544,149089.0
physx,6,physx_s6,11,-5.429609,3.6896,148457.0
physx,6,physx_s6,12,-5.343604,4.0194,150562.0
physx,6,physx_s6,13,-5.514884,4.3507,149915.0
physx,6,physx_s6,14,-5.532391,4.6862,147957.0
physx,6,physx_s6,15,-5.476573,5.0129,152026.0
physx,6,physx_s6,16,-5.132734,5.3446,149749.0
physx,6,physx_s6,17,-5.350029,5.6820,147380.0
physx,6,physx_s6,18,-5.424392,6.0095,151897.0
physx,6,physx_s6,19,-5.806940,6.3402,150177.0
physx,6,physx_s6,20,-6.064505,6.6679,151664.0
physx,6,physx_s6,21,-5.970284,6.9960,151628.0
physx,6,physx_s6,22,-6.021258,7.3252,150943.0
physx,6,physx_s6,23,-6.464294,7.6606,148055.0
physx,6,physx_s6,24,-6.469973,7.9905,150489.0
physx,6,physx_s6,25,-6.444532,8.3205,150533.0
physx,6,physx_s6,26,-6.591958,8.6501,153708.0
physx,6,physx_s6,27,-6.920272,8.9754,152765.0
physx,6,physx_s6,28,-6.985845,9.3008,152647.0
physx,6,physx_s6,29,-6.341277,9.6237,153969.0
physx,6,physx_s6,30,-5.895774,9.9607,147489.0
physx,6,physx_s6,31,-5.838853,10.2872,152184.0
physx,6,physx_s6,32,-6.616266,10.6109,153534.0
physx,6,physx_s6,33,-6.282009,10.9318,154868.0
physx,6,physx_s6,34,-5.724104,11.2522,155083.0
physx,6,physx_s6,35,-6.183526,11.5817,150783.0
physx,6,physx_s6,36,-5.696752,11.9070,152730.0
physx,6,physx_s6,37,-5.386620,12.2343,151841.0
physx,6,physx_s6,38,-5.788212,12.5612,151941.0
physx,6,physx_s6,39,-5.678620,12.8829,154585.0
physx,6,physx_s6,40,-6.338820,13.2076,153187.0
physx,6,physx_s6,41,-6.599992,13.5360,151222.0
physx,6,physx_s6,42,-6.320983,13.8595,153525.0
physx,6,physx_s6,43,-5.612522,14.1821,154000.0
physx,6,physx_s6,44,-4.832757,14.5129,150191.0
physx,6,physx_s6,45,-3.884108,14.8429,150569.0
physx,6,physx_s6,46,-3.123786,15.1800,147310.0
physx,6,physx_s6,47,-3.915883,15.5138,148885.0
physx,6,physx_s6,48,-3.026711,15.8452,149935.0
physx,6,physx_s6,49,-2.165247,16.1795,148629.0
physx,6,physx_s6,50,-1.543563,16.5197,145920.0
physx,6,physx_s6,51,-1.218234,16.8542,149546.0
physx,6,physx_s6,52,-1.692496,17.1865,149423.0
physx,6,physx_s6,53,-0.641879,17.5175,150248.0
physx,6,physx_s6,54,0.433494,17.8526,148219.0
physx,6,physx_s6,55,0.612609,18.1838,150097.0
physx,6,physx_s6,56,0.100319,18.5120,151393.0
physx,6,physx_s6,57,-0.059474,18.8434,149899.0
physx,6,physx_s6,58,0.849687,19.1713,151492.0
physx,6,physx_s6,59,0.538556,19.5012,150616.0
physx,6,physx_s6,60,0.338868,19.8253,153277.0
physx,6,physx_s6,61,0.347966,20.1541,151069.0
physx,6,physx_s6,62,1.451818,20.4899,148062.0
physx,6,physx_s6,63,1.937302,20.8245,148566.0
physx,6,physx_s6,64,2.350698,21.1621,147183.0
physx,6,physx_s6,65,2.442344,21.4974,148304.0
physx,6,physx_s6,66,3.253026,21.8268,150782.0
physx,6,physx_s6,67,3.540342,22.1584,149921.0
physx,6,physx_s6,68,3.742735,22.4861,151543.0
physx,6,physx_s6,69,3.535166,22.8129,151948.0
physx,6,physx_s6,70,3.484768,23.1448,149666.0
physx,6,physx_s6,71,3.978657,23.4757,150149.0
physx,6,physx_s6,72,4.637907,23.8090,149030.0
physx,6,physx_s6,73,4.541424,24.1404,150045.0
physx,6,physx_s6,74,4.321353,24.4696,150847.0
physx,6,physx_s6,75,3.946975,24.7990,150844.0
physx,6,physx_s6,76,3.967112,25.1318,149331.0
physx,6,physx_s6,77,4.727164,25.4645,149321.0
physx,6,physx_s6,78,5.504275,25.7995,148520.0
physx,6,physx_s6,79,6.038880,26.1373,147141.0
physx,6,physx_s6,80,6.336310,26.4699,149511.0
physx,6,physx_s6,81,5.320272,26.8013,149988.0
physx,6,physx_s6,82,5.502010,27.1444,145155.0
physx,6,physx_s6,83,5.655719,27.4748,150458.0
physx,6,physx_s6,84,5.846621,27.8053,150412.0
physx,6,physx_s6,85,5.231290,28.1404,148353.0
physx,6,physx_s6,86,6.224809,28.4763,148047.0
physx,6,physx_s6,87,7.061152,28.8156,146499.0
physx,6,physx_s6,88,6.351810,29.1585,145007.0
physx,6,physx_s6,89,7.069828,29.5043,143854.0
physx,6,physx_s6,90,7.102311,29.8440,146341.0
physx,6,physx_s6,91,6.242860,30.1851,145765.0
physx,6,physx_s6,92,7.248284,30.5289,144604.0
physx,6,physx_s6,93,6.769136,30.8715,145212.0
physx,6,physx_s6,94,7.651571,31.2139,145249.0
physx,6,physx_s6,95,7.542383,31.5608,146230.0
physx,6,physx_s6,96,7.814199,31.9000,148535.0
physx,6,physx_s6,97,7.817018,32.2390,146633.0
physx,6,physx_s6,98,8.526129,32.5730,148840.0
physx,6,physx_s6,99,8.379162,32.9111,146950.0
physx,6,physx_s6,100,8.208500,33.2495,146744.0
physx,6,physx_s6,101,8.552254,33.5964,144231.0
physx,6,physx_s6,102,8.315429,33.9385,145226.0
physx,6,physx_s6,103,7.768562,34.2826,144309.0
physx,6,physx_s6,104,8.066729,34.6422,138077.0
physx,6,physx_s6,105,8.951676,34.9964,140210.0
physx,6,physx_s6,106,8.961751,35.3501,140336.0
physx,6,physx_s6,107,8.742910,35.6960,143489.0
physx,6,physx_s6,108,9.246703,36.0479,141069.0
physx,6,physx_s6,109,8.761096,36.4040,139457.0
physx,6,physx_s6,110,8.667935,36.7526,142337.0
physx,6,physx_s6,111,8.276308,37.1049,141170.0
physx,6,physx_s6,112,9.008265,37.4619,139063.0
physx,6,physx_s6,113,9.998839,37.8083,143386.0
physx,6,physx_s6,114,9.824965,38.1561,142798.0
physx,6,physx_s6,115,10.078562,38.4887,149318.0
physx,6,physx_s6,116,10.136116,38.8208,149567.0
physx,6,physx_s6,117,10.617572,39.1568,147779.0
physx,6,physx_s6,118,10.009271,39.5082,141304.0
physx,6,physx_s6,119,10.655634,39.8627,140532.0
physx,6,physx_s6,120,11.134506,40.2186,139542.0
physx,6,physx_s6,121,11.092648,40.5731,140068.0
physx,6,physx_s6,122,11.897342,40.9179,143979.0
physx,6,physx_s6,123,12.589953,41.2669,142226.0
physx,6,physx_s6,124,12.020462,41.6189,141157.0
physx,6,physx_s6,125,11.851794,41.9509,149727.0
physx,6,physx_s6,126,11.175419,42.2921,145480.0
physx,6,physx_s6,127,12.879561,42.6409,142351.0
physx,6,physx_s6,128,12.846278,42.9874,143285.0
physx,6,physx_s6,129,11.402627,43.3359,142644.0
physx,6,physx_s6,130,12.089808,43.6897,140377.0
physx,6,physx_s6,131,11.998040,44.0459,139467.0
physx,6,physx_s6,132,11.617236,44.3982,140997.0
physx,6,physx_s6,133,12.385155,44.7515,140650.0
physx,6,physx_s6,134,13.750892,45.1050,140638.0
physx,6,physx_s6,135,13.415945,45.4582,140806.0
physx,6,physx_s6,136,13.921096,45.8156,139072.0
physx,6,physx_s6,137,11.900002,46.1594,144560.0
physx,6,physx_s6,138,12.067052,46.5063,143157.0
physx,6,physx_s6,139,12.031204,46.8508,144325.0
physx,6,physx_s6,140,13.312551,47.1995,142545.0
physx,6,physx_s6,141,13.417256,47.5458,143374.0
physx,6,physx_s6,142,12.830688,47.8975,141242.0
physx,6,physx_s6,143,13.329828,48.2399,145162.0
physx,6,physx_s6,144,13.129416,48.5869,143224.0
physx,6,physx_s6,145,13.703133,48.9275,145849.0
physx,6,physx_s6,146,14.229966,49.2716,144386.0
physx,6,physx_s6,147,14.598831,49.6170,143848.0
physx,6,physx_s6,148,14.530540,49.9602,144814.0
physx,6,physx_s6,149,14.798213,50.3059,143588.0
physx,6,physx_s6,150,15.755463,50.6523,143577.0
physx,6,physx_s6,151,15.912785,50.9938,146412.0
physx,6,physx_s6,152,15.694788,51.3361,145080.0
physx,6,physx_s6,153,16.236460,51.6728,147462.0
physx,6,physx_s6,154,16.232119,52.0197,143207.0
physx,6,physx_s6,155,17.134090,52.3749,139726.0
physx,6,physx_s6,156,16.569590,52.7123,147243.0
physx,6,physx_s6,157,16.276695,53.0651,140731.0
physx,6,physx_s6,158,16.270445,53.4247,138021.0
physx,6,physx_s6,159,17.237434,53.7848,137848.0
physx,6,physx_s6,160,17.925743,54.1338,142258.0
physx,6,physx_s6,161,17.855766,54.4756,145434.0
physx,6,physx_s6,162,18.071957,54.8212,143882.0
physx,6,physx_s6,163,17.753553,55.1636,145101.0
physx,6,physx_s6,164,18.155769,55.4984,148325.0
physx,6,physx_s6,165,17.578136,55.8405,145096.0
physx,6,physx_s6,166,18.580111,56.1822,145396.0
physx,6,physx_s6,167,18.570402,56.5252,144920.0
physx,6,physx_s6,168,18.665960,56.8699,144153.0
physx,6,physx_s6,169,18.859772,57.2280,138685.0
physx,6,physx_s6,170,18.568747,57.5906,136907.0
physx,6,physx_s6,171,19.008821,57.9489,138713.0
physx,6,physx_s6,172,19.850273,58.3017,140774.0
physx,6,physx_s6,173,19.537680,58.6569,139851.0
physx,6,physx_s6,174,19.607080,59.0096,140815.0
physx,6,physx_s6,175,19.423943,59.3624,140864.0
physx,6,physx_s6,176,18.828547,59.7278,135905.0
physx,6,physx_s6,177,20.333834,60.0909,136721.0
physx,6,physx_s6,178,20.088663,60.4513,137846.0
physx,6,physx_s6,179,20.339216,60.8106,138392.0
physx,6,physx_s6,180,20.433403,61.1653,139989.0
physx,6,physx_s6,181,20.569889,61.5283,136794.0
physx,6,physx_s6,182,20.774759,61.8922,136457.0
physx,6,physx_s6,183,21.036961,62.2327,145930.0
physx,6,physx_s6,184,20.698912,62.5822,141951.0
physx,6,physx_s6,185,21.501062,62.9200,147050.0
physx,6,physx_s6,186,22.103748,63.2703,141786.0
physx,6,physx_s6,187,21.871780,63.6157,143813.0
physx,6,physx_s6,188,22.003681,63.9577,145144.0
physx,6,physx_s6,189,22.402634,64.3038,146227.0
physx,6,physx_s6,190,23.536650,64.6504,143520.0
physx,6,physx_s6,191,23.438877,65.0078,139005.0
physx,6,physx_s6,192,22.926968,65.3518,146060.0
physx,6,physx_s6,193,23.035204,65.6963,144028.0
physx,6,physx_s6,194,23.556938,66.0413,143992.0
physx,6,physx_s6,195,24.366463,66.3863,144032.0
physx,6,physx_s6,196,24.053667,66.7407,140192.0
physx,6,physx_s6,197,23.940958,67.0945,140296.0
physx,6,physx_s6,198,24.551432,67.4443,141851.0
physx,6,physx_s6,199,24.269260,67.7929,143426.0
physx,6,physx_s6,200,24.188232,68.1427,141916.0
physx,6,physx_s6,201,24.723047,68.4945,142052.0
physx,6,physx_s6,202,25.543100,68.8435,142255.0
physx,6,physx_s6,203,25.534189,69.1873,144489.0
physx,6,physx_s6,204,25.125862,69.5373,141828.0
physx,6,physx_s6,205,24.954369,69.8782,145701.0
physx,6,physx_s6,206,25.290733,70.2152,147321.0
physx,6,physx_s6,207,25.746618,70.5567,145443.0
physx,6,physx_s6,208,25.811642,70.8923,147996.0
physx,6,physx_s6,209,25.581192,71.2308,146715.0
physx,6,physx_s6,210,25.666994,71.5794,142360.0
physx,6,physx_s6,211,26.028719,71.9305,141500.0
physx,6,physx_s6,212,26.101576,72.2900,138235.0
physx,6,physx_s6,213,25.786406,72.6533,136749.0
physx,6,physx_s6,214,26.356014,73.0027,142115.0
physx,6,physx_s6,215,26.644407,73.3519,142215.0
physx,6,physx_s6,216,26.726793,73.6946,145067.0
physx,6,physx_s6,217,26.970448,74.0383,144445.0
physx,6,physx_s6,218,26.900303,74.3854,143106.0
physx,6,physx_s6,219,26.803942,74.7334,142698.0
physx,6,physx_s6,220,27.291998,75.0747,145519.0
physx,6,physx_s6,221,27.497284,75.4213,143241.0
physx,6,physx_s6,222,27.372187,75.7698,142443.0
physx,6,physx_s6,223,27.061947,76.1219,141013.0
physx,6,physx_s6,224,27.306044,76.4645,144887.0
physx,6,physx_s6,225,28.071735,76.8012,147461.0
physx,6,physx_s6,226,28.474909,77.1363,148277.0
physx,6,physx_s6,227,28.451031,77.4849,142460.0
physx,6,physx_s6,228,28.007425,77.8215,147536.0
physx,6,physx_s6,229,27.925303,78.1638,145134.0
physx,6,physx_s6,230,28.161612,78.5120,142611.0
physx,6,physx_s6,231,27.824833,78.8627,141686.0
physx,6,physx_s6,232,28.104786,79.2049,145285.0
physx,6,physx_s6,233,28.333595,79.5497,143994.0
physx,6,physx_s6,234,28.397560,79.8917,145269.0
physx,6,physx_s6,235,27.888678,80.2260,148590.0
physx,6,physx_s6,236,28.266989,80.5736,142804.0
physx,6,physx_s6,237,28.650209,80.9177,144259.0
physx,6,physx_s6,238,29.000048,81.2531,148173.0
physx,6,physx_s6,239,28.586861,81.5971,144336.0
physx,6,physx_s6,240,28.798857,81.9310,148706.0
physx,6,physx_s6,241,28.523649,82.2760,143916.0
physx,6,physx_s6,242,28.880810,82.6087,149526.0
physx,6,physx_s6,243,29.143738,82.9529,144239.0
physx,6,physx_s6,244,29.591301,83.2879,148267.0
physx,6,physx_s6,245,29.738815,83.6301,145195.0
physx,6,physx_s6,246,29.859617,83.9744,144268.0
physx,6,physx_s6,247,30.102098,84.3131,146579.0
physx,6,physx_s6,248,29.893522,84.6590,143736.0
physx,6,physx_s6,249,29.942295,85.0099,141604.0
physx,6,physx_s6,250,29.862421,85.3402,150557.0
physx,6,physx_s6,251,29.779228,85.6810,146657.0
physx,6,physx_s6,252,29.945932,86.0161,148202.0
physx,6,physx_s6,253,30.175186,86.3589,145000.0
physx,6,physx_s6,254,30.055410,86.6998,145667.0
physx,6,physx_s6,255,29.956165,87.0558,139570.0
physx,6,physx_s6,256,30.370426,87.4120,140632.0
physx,6,physx_s6,257,30.203478,87.7616,142242.0
physx,6,physx_s6,258,30.523249,88.1199,138616.0
physx,6,physx_s6,259,30.765537,88.4686,142523.0
physx,6,physx_s6,260,30.608274,88.8221,140539.0
physx,6,physx_s6,261,30.373329,89.1670,144008.0
physx,6,physx_s6,262,30.586536,89.5148,145579.0
physx,6,physx_s6,263,30.445959,89.8564,145489.0
physx,6,physx_s6,264,30.369917,90.1959,146297.0
physx,6,physx_s6,265,30.942558,90.5270,150003.0
physx,6,physx_s6,266,31.226633,90.8540,151925.0
physx,6,physx_s6,267,31.091385,91.1830,151128.0
physx,6,physx_s6,268,30.987829,91.5009,156273.0
physx,6,physx_s6,269,31.099712,91.8251,153317.0
physx,6,physx_s6,270,31.273798,92.1460,154776.0
physx,6,physx_s6,271,31.434343,92.4718,152403.0
physx,6,physx_s6,272,31.426783,92.7923,155109.0
physx,6,physx_s6,273,31.651253,93.1173,152952.0
physx,6,physx_s6,274,31.892101,93.4484,150103.0
physx,6,physx_s6,275,31.589447,93.7829,148535.0
physx,6,physx_s6,276,31.241587,94.1012,156237.0
physx,6,physx_s6,277,31.101101,94.4206,155701.0
physx,6,physx_s6,278,31.575319,94.7416,154807.0
physx,6,physx_s6,279,31.724352,95.0673,152668.0
physx,6,physx_s6,280,31.730940,95.3959,151101.0
physx,6,physx_s6,281,32.040161,95.7184,154230.0
physx,6,physx_s6,282,31.832350,96.0423,153487.0
physx,6,physx_s6,283,31.650183,96.3625,155187.0
physx,6,physx_s6,284,31.677868,96.6821,155431.0
physx,6,physx_s6,285,31.728508,97.0137,149905.0
physx,6,physx_s6,286,31.884745,97.3477,148701.0
physx,6,physx_s6,287,31.716021,97.6832,148191.0
physx,6,physx_s6,288,31.429716,98.0171,150511.0
physx,6,physx_s6,289,31.292576,98.3457,151176.0
physx,6,physx_s6,290,31.824734,98.6689,153706.0
physx,6,physx_s6,291,31.758049,98.9951,152307.0
physx,6,physx_s6,292,31.860029,99.3211,152506.0
physx,6,physx_s6,293,31.654369,99.6502,150939.0
physx,6,physx_s6,294,32.061668,99.9858,148034.0
physx,6,physx_s6,295,31.799135,100.3242,146788.0
physx,6,physx_s6,296,32.009243,100.6615,147198.0
physx,6,physx_s6,297,32.184586,100.9942,149268.0
physx,6,physx_s6,298,32.023289,101.3280,148804.0
physx,6,physx_s6,299,32.128529,101.6599,149674.0
physx,7,physx_s7,0,-0.547582,0.0000,34087.0
physx,7,physx_s7,1,-0.840796,0.3200,156996.0
physx,7,physx_s7,2,-1.453460,0.6479,154954.0
physx,7,physx_s7,3,-2.286959,0.9729,153085.0
physx,7,physx_s7,4,-3.433824,1.3020,151148.0
physx,7,physx_s7,5,-3.900959,1.6321,150603.0
physx,7,physx_s7,6,-4.153472,1.9644,149654.0
physx,7,physx_s7,7,-4.750152,2.2943,150790.0
physx,7,physx_s7,8,-5.001472,2.6255,150118.0
physx,7,physx_s7,9,-4.912303,2.9521,152282.0
physx,7,physx_s7,10,-4.990731,3.2812,151107.0
physx,7,physx_s7,11,-4.927497,3.6144,149174.0
physx,7,physx_s7,12,-5.148530,3.9445,150578.0
physx,7,physx_s7,13,-4.605523,4.2767,149702.0
physx,7,physx_s7,14,-4.458617,4.6056,151095.0
physx,7,physx_s7,15,-4.885843,4.9321,152338.0
physx,7,physx_s7,16,-4.889573,5.2595,151918.0
physx,7,physx_s7,17,-5.122592,5.5840,153258.0
physx,7,physx_s7,18,-4.808111,5.9227,149563.0
physx,7,physx_s7,19,-5.206395,6.2551,149752.0
physx,7,physx_s7,20,-5.544888,6.5883,149221.0
physx,7,physx_s7,21,-6.107089,6.9198,150060.0
physx,7,physx_s7,22,-5.906493,7.2497,150805.0
physx,7,physx_s7,23,-5.765834,7.5816,149903.0
physx,7,physx_s7,24,-6.094085,7.9159,148886.0
physx,7,physx_s7,25,-6.320683,8.2460,150623.0
physx,7,physx_s7,26,-6.383846,8.5696,153600.0
physx,7,physx_s7,27,-6.278769,8.9077,147050.0
physx,7,physx_s7,28,-6.401710,9.2456,147088.0
physx,7,physx_s7,29,-6.611355,9.5765,150275.0
physx,7,physx_s7,30,-6.431127,9.9175,145763.0
physx,7,physx_s7,31,-5.896075,10.2550,147247.0
physx,7,physx_s7,32,-5.763614,10.5800,153063.0
physx,7,physx_s7,33,-5.963961,10.9085,151393.0
physx,7,physx_s7,34,-5.882963,11.2315,154013.0
physx,7,physx_s7,35,-5.696289,11.5571,152788.0
physx,7,physx_s7,36,-5.529975,11.8826,152832.0
physx,7,physx_s7,37,-5.622011,12.2134,150287.0
physx,7,physx_s7,38,-6.212370,12.5362,154057.0
physx,7,physx_s7,39,-6.281734,12.8598,153971.0
physx,7,physx_s7,40,-6.607326,13.1837,153539.0
physx,7,physx_s7,41,-6.544837,13.5056,154624.0
physx,7,physx_s7,42,-6.076474,13.8327,151990.0
physx,7,physx_s7,43,-5.220248,14.1604,151680.0
physx,7,physx_s7,44,-3.905533,14.4856,152785.0
physx,7,physx_s7,45,-2.529154,14.8110,152626.0
physx,7,physx_s7,46,-2.945815,15.1379,152000.0
physx,7,physx_s7,47,-2.094903,15.4671,151025.0
physx,7,physx_s7,48,-2.649676,15.7994,149683.0
physx,7,physx_s7,49,-2.149937,16.1367,150128.0
physx,7,physx_s7,50,-1.229114,16.4699,149258.0
physx,7,physx_s7,51,-1.227701,16.8013,150920.0
physx,7,physx_s7,52,-0.339898,17.1345,149050.0
physx,7,physx_s7,53,-0.838268,17.4714,147516.0
physx,7,physx_s7,54,-0.413671,17.8004,150987.0
physx,7,physx_s7,55,-0.053887,18.1346,148622.0
physx,7,physx_s7,56,0.137316,18.4611,152153.0
physx,7,physx_s7,57,-0.139533,18.7874,152400.0
physx,7,physx_s7,58,0.313591,19.1129,152699.0
physx,7,physx_s7,59,0.586593,19.4469,148781.0
physx,7,physx_s7,60,1.650606,19.7841,147468.0
physx,7,physx_s7,61,2.358262,20.1170,149235.0
physx,7,physx_s7,62,1.493958,20.4461,151058.0
physx,7,physx_s7,63,1.780742,20.7738,151590.0
physx,7,physx_s7,64,2.657539,21.1027,151019.0
physx,7,physx_s7,65,2.966236,21.4436,148699.0
physx,7,physx_s7,66,3.059839,21.7728,150898.0
physx,7,physx_s7,67,2.763201,22.0986,152576.0
physx,7,physx_s7,68,2.869605,22.4268,151430.0
physx,7,physx_s7,69,3.681568,22.7553,151234.0
physx,7,physx_s7,70,5.014662,23.0870,149743.0
physx,7,physx_s7,71,5.125938,23.4227,147864.0
physx,7,physx_s7,72,5.563975,23.7601,147295.0
physx,7,physx_s7,73,5.992192,24.0931,149389.0
physx,7,physx_s7,74,6.614441,24.4275,148612.0
physx,7,physx_s7,75,6.466677,24.7597,149641.0
physx,7,physx_s7,76,6.361791,25.1018,145266.0
physx,7,physx_s7,77,6.385328,25.4454,144630.0
physx,7,physx_s7,78,6.825347,25.7819,147712.0
physx,7,physx_s7,79,6.974306,26.1155,148896.0
physx,7,physx_s7,80,6.738706,26.4521,150864.0
physx,7,physx_s7,81,5.934792,26.7935,145657.0
physx,7,physx_s7,82,5.577749,27.1266,149225.0
physx,7,physx_s7,83,5.545086,27.4580,149880.0
physx,7,physx_s7,84,5.587980,27.7874,150746.0
physx,7,physx_s7,85,5.349886,28.1362,142428.0
physx,7,physx_s7,86,6.635568,28.4700,148839.0
physx,7,physx_s7,87,7.768162,28.8051,148328.0
physx,7,physx_s7,88,6.756498,29.1436,146880.0
physx,7,physx_s7,89,7.894070,29.4773,148992.0
physx,7,physx_s7,90,7.142601,29.8190,145460.0
physx,7,physx_s7,91,8.084997,30.1569,147085.0
physx,7,physx_s7,92,7.602450,30.5006,144518.0
physx,7,physx_s7,93,7.322632,30.8366,147758.0
physx,7,physx_s7,94,7.197859,31.1750,146852.0
physx,7,physx_s7,95,8.031532,31.5171,148228.0
physx,7,physx_s7,96,7.963092,31.8544,149309.0
physx,7,physx_s7,97,7.412621,32.1957,145614.0
physx,7,physx_s7,98,7.770535,32.5276,149643.0
physx,7,physx_s7,99,8.395844,32.8600,149450.0
physx,7,physx_s7,100,8.874092,33.2019,145198.0
physx,7,physx_s7,101,8.741098,33.5467,145069.0
physx,7,physx_s7,102,9.182174,33.8884,145269.0
physx,7,physx_s7,103,9.173651,34.2273,146509.0
physx,7,physx_s7,104,8.968553,34.5684,145562.0
physx,7,physx_s7,105,9.500960,34.9017,149068.0
physx,7,physx_s7,106,10.674688,35.2340,149616.0
physx,7,physx_s7,107,10.446054,35.5700,148031.0
physx,7,physx_s7,108,11.158542,35.9025,149546.0
physx,7,physx_s7,109,11.027604,36.2289,152411.0
physx,7,physx_s7,110,10.212945,36.5675,149591.0
physx,7,physx_s7,111,9.634815,36.9108,144853.0
physx,7,physx_s7,112,9.298394,37.2573,143351.0
physx,7,physx_s7,113,10.062380,37.5942,147552.0
physx,7,physx_s7,114,9.932961,37.9438,142019.0
physx,7,physx_s7,115,8.762310,38.2865,144876.0
physx,7,physx_s7,116,9.499212,38.6286,145159.0
physx,7,physx_s7,117,10.081766,38.9623,148921.0
physx,7,physx_s7,118,10.176890,39.3015,146418.0
physx,7,physx_s7,119,10.704708,39.6467,143906.0
physx,7,physx_s7,120,11.514064,39.9898,144691.0
physx,7,physx_s7,121,12.331246,40.3341,144176.0
physx,7,physx_s7,122,11.834058,40.6700,147828.0
physx,7,physx_s7,123,10.548059,41.0043,148568.0
physx,7,physx_s7,124,11.143045,41.3383,148762.0
physx,7,physx_s7,125,11.212749,41.6723,148678.0
physx,7,physx_s7,126,10.956291,42.0095,147433.0
physx,7,physx_s7,127,11.420059,42.3568,142953.0
physx,7,physx_s7,128,11.705377,42.6937,147372.0
physx,7,physx_s7,129,12.069194,43.0301,147590.0
physx,7,physx_s7,130,10.619199,43.3669,147431.0
physx,7,physx_s7,131,11.950506,43.7069,146041.0
physx,7,physx_s7,132,12.375946,44.0407,148804.0
physx,7,physx_s7,133,13.068671,44.3791,146815.0
physx,7,physx_s7,134,12.641002,44.7162,147351.0
physx,7,physx_s7,135,13.293451,45.0494,149080.0
physx,7,physx_s7,136,12.340163,45.3868,147268.0
physx,7,physx_s7,137,12.669531,45.7191,149489.0
physx,7,physx_s7,138,13.025706,46.0587,146197.0
physx,7,physx_s7,139,12.765582,46.3999,148652.0
physx,7,physx_s7,140,12.091400,46.7342,148670.0
physx,7,physx_s7,141,13.113737,47.0659,149968.0
physx,7,physx_s7,142,13.654339,47.4002,148680.0
physx,7,physx_s7,143,11.906770,47.7346,148651.0
physx,7,physx_s7,144,12.145178,48.0745,146037.0
physx,7,physx_s7,145,12.838340,48.4067,149628.0
physx,7,physx_s7,146,12.894837,48.7389,149694.0
physx,7,physx_s7,147,12.733457,49.0723,149139.0
physx,7,physx_s7,148,13.394907,49.4073,148420.0
physx,7,physx_s7,149,14.401212,49.7397,149383.0
physx,7,physx_s7,150,14.554736,50.0711,150012.0
physx,7,physx_s7,151,14.796836,50.4094,147784.0
physx,7,physx_s7,152,15.843441,50.7555,143461.0
physx,7,physx_s7,153,15.390821,51.0972,145337.0
physx,7,physx_s7,154,15.580019,51.4298,149344.0
physx,7,physx_s7,155,15.400169,51.7754,146108.0
physx,7,physx_s7,156,14.510711,52.1165,145646.0
physx,7,physx_s7,157,15.004655,52.4451,151175.0
physx,7,physx_s7,158,15.261022,52.7759,150116.0
physx,7,physx_s7,159,14.278697,53.1050,150914.0
physx,7,physx_s7,160,15.236710,53.4465,145335.0
physx,7,physx_s7,161,15.954180,53.7959,142068.0
physx,7,physx_s7,162,16.530453,54.1326,147486.0
physx,7,physx_s7,163,16.372194,54.4579,152697.0
physx,7,physx_s7,164,15.539151,54.8036,143659.0
physx,7,physx_s7,165,15.137733,55.1473,144408.0
physx,7,physx_s7,166,16.141973,55.4934,143422.0
physx,7,physx_s7,167,17.469490,55.8395,143564.0
physx,7,physx_s7,168,17.262644,56.1857,143472.0
physx,7,physx_s7,169,16.535686,56.5240,146858.0
physx,7,physx_s7,170,16.745083,56.8624,146792.0
physx,7,physx_s7,171,18.460802,57.2044,145267.0
physx,7,physx_s7,172,18.396540,57.5442,146214.0
physx,7,physx_s7,173,17.597542,57.8875,144848.0
physx,7,physx_s7,174,18.564548,58.2252,147126.0
physx,7,physx_s7,175,18.567215,58.5605,148136.0
physx,7,physx_s7,176,18.263998,58.8992,146676.0
physx,7,physx_s7,177,18.415205,59.2488,142019.0
physx,7,physx_s7,178,18.938431,59.5866,147146.0
physx,7,physx_s7,179,19.207066,59.9252,146699.0
physx,7,physx_s7,180,18.914568,60.2631,147004.0
physx,7,physx_s7,181,19.013454,60.5949,149608.0
physx,7,physx_s7,182,19.675753,60.9278,149330.0
physx,7,physx_s7,183,19.109453,61.2613,149020.0
physx,7,physx_s7,184,20.006968,61.6004,146508.0
physx,7,physx_s7,185,19.891308,61.9372,147551.0
physx,7,physx_s7,186,20.423660,62.2621,152859.0
physx,7,physx_s7,187,20.844166,62.5922,150498.0
physx,7,physx_s7,188,20.963488,62.9219,150704.0
physx,7,physx_s7,189,20.814297,63.2555,148897.0
physx,7,physx_s7,190,20.219442,63.5858,150407.0
physx,7,physx_s7,191,20.077541,63.9147,151020.0
physx,7,physx_s7,192,20.135035,64.2524,148751.0
physx,7,physx_s7,193,20.275465,64.5867,148616.0
physx,7,physx_s7,194,21.272701,64.9238,147497.0
physx,7,physx_s7,195,21.895775,65.2770,140568.0
physx,7,physx_s7,196,20.908699,65.6232,143564.0
physx,7,physx_s7,197,21.035732,65.9626,146468.0
physx,7,physx_s7,198,22.410397,66.3034,145837.0
physx,7,physx_s7,199,22.599432,66.6433,146181.0
physx,7,physx_s7,200,22.971359,66.9880,144083.0
physx,7,physx_s7,201,23.618212,67.3375,142964.0
physx,7,physx_s7,202,23.767687,67.6756,146864.0
physx,7,physx_s7,203,23.702869,68.0229,143018.0
physx,7,physx_s7,204,22.859312,68.3726,141987.0
physx,7,physx_s7,205,23.138256,68.7117,146519.0
physx,7,physx_s7,206,23.287357,69.0500,146782.0
physx,7,physx_s7,207,23.946367,69.3924,145048.0
physx,7,physx_s7,208,24.281767,69.7351,144940.0
physx,7,physx_s7,209,23.335598,70.0759,145704.0
physx,7,physx_s7,210,23.025164,70.4063,150389.0
physx,7,physx_s7,211,23.315933,70.7387,149483.0
physx,7,physx_s7,212,24.378193,71.0707,149684.0
physx,7,physx_s7,213,25.145996,71.4050,148560.0
physx,7,physx_s7,214,24.976238,71.7366,149920.0
physx,7,physx_s7,215,25.519690,72.0712,148513.0
physx,7,physx_s7,216,25.758297,72.4025,150017.0
physx,7,physx_s7,217,25.609713,72.7369,148524.0
physx,7,physx_s7,218,26.075716,73.0660,150883.0
physx,7,physx_s7,219,25.563065,73.4178,141213.0
physx,7,physx_s7,220,25.627378,73.7545,147489.0
physx,7,physx_s7,221,26.327188,74.0872,149302.0
physx,7,physx_s7,222,26.522354,74.4251,146932.0
physx,7,physx_s7,223,26.638838,74.7498,153054.0
physx,7,physx_s7,224,26.799784,75.0746,153037.0
physx,7,physx_s7,225,26.817745,75.4053,150260.0
physx,7,physx_s7,226,26.794306,75.7324,151929.0
physx,7,physx_s7,227,26.689550,76.0653,149322.0
physx,7,physx_s7,228,26.047771,76.3930,151580.0
physx,7,physx_s7,229,25.745279,76.7238,150194.0
physx,7,physx_s7,230,26.682541,77.0474,153572.0
physx,7,physx_s7,231,26.943110,77.3738,152275.0
physx,7,physx_s7,232,27.346704,77.7031,151055.0
physx,7,physx_s7,233,27.406080,78.0305,151714.0
physx,7,physx_s7,234,27.662981,78.3520,154556.0
physx,7,physx_s7,235,27.209192,78.6775,152755.0
physx,7,physx_s7,236,27.195683,79.0084,150138.0
physx,7,physx_s7,237,27.355597,79.3363,151472.0
physx,7,physx_s7,238,27.605389,79.6624,152406.0
physx,7,physx_s7,239,27.670294,80.0001,147077.0
physx,7,physx_s7,240,27.969719,80.3262,152432.0
physx,7,physx_s7,241,28.322226,80.6541,151511.0
physx,7,physx_s7,242,28.555431,80.9760,154306.0
physx,7,physx_s7,243,28.411184,81.3000,153317.0
physx,7,physx_s7,244,28.413593,81.6309,150162.0
physx,7,physx_s7,245,28.550381,81.9573,152218.0
physx,7,physx_s7,246,28.193777,82.2818,153036.0
physx,7,physx_s7,247,28.164751,82.6069,152880.0
physx,7,physx_s7,248,28.176790,82.9284,154689.0
physx,7,physx_s7,249,28.683372,83.2552,151923.0
physx,7,physx_s7,250,28.505371,83.5793,153263.0
physx,7,physx_s7,251,28.475838,83.9111,150754.0
physx,7,physx_s7,252,28.776596,84.2399,151122.0
physx,7,physx_s7,253,29.149012,84.5701,150623.0
physx,7,physx_s7,254,28.648718,84.9006,150415.0
physx,7,physx_s7,255,29.383759,85.2325,149713.0
physx,7,physx_s7,256,29.092844,85.5663,148958.0
physx,7,physx_s7,257,29.026979,85.8969,150277.0
physx,7,physx_s7,258,29.249254,86.2301,149235.0
physx,7,physx_s7,259,29.169643,86.5621,149745.0
physx,7,physx_s7,260,29.092100,86.8903,151511.0
physx,7,physx_s7,261,29.029400,87.2218,149833.0
physx,7,physx_s7,262,29.259405,87.5503,151183.0
physx,7,physx_s7,263,29.766125,87.8796,150989.0
physx,7,physx_s7,264,30.157766,88.2077,151497.0
physx,7,physx_s7,265,30.092804,88.5356,151750.0
physx,7,physx_s7,266,30.023405,88.8632,151767.0
physx,7,physx_s7,267,29.861860,89.1905,151909.0
physx,7,physx_s7,268,29.393045,89.5191,151184.0
physx,7,physx_s7,269,29.768887,89.8426,153548.0
physx,7,physx_s7,270,30.460951,90.1667,153272.0
physx,7,physx_s7,271,30.624321,90.4891,154216.0
physx,7,physx_s7,272,30.323151,90.8112,154368.0
physx,7,physx_s7,273,30.039030,91.1341,153886.0
physx,7,physx_s7,274,30.295441,91.4616,151610.0
physx,7,physx_s7,275,30.466656,91.7859,153285.0
physx,7,physx_s7,276,30.826042,92.1044,156036.0
physx,7,physx_s7,277,30.840055,92.4283,153456.0
physx,7,physx_s7,278,30.646852,92.7551,152111.0
physx,7,physx_s7,279,30.724422,93.0842,150988.0
physx,7,physx_s7,280,30.882984,93.4103,152301.0
physx,7,physx_s7,281,30.786129,93.7400,150693.0
physx,7,physx_s7,282,30.776587,94.0620,154314.0
physx,7,physx_s7,283,31.099342,94.3854,153646.0
physx,7,physx_s7,284,31.144077,94.7027,156707.0
physx,7,physx_s7,285,31.417398,95.0254,153949.0
physx,7,physx_s7,286,31.066605,95.3530,151639.0
physx,7,physx_s7,287,30.745539,95.6763,153655.0
physx,7,physx_s7,288,30.798166,96.0023,154193.0
physx,7,physx_s7,289,30.918488,96.3347,152689.0
physx,7,physx_s7,290,31.160698,96.6552,155112.0
physx,7,physx_s7,291,31.497828,96.9750,155313.0
physx,7,physx_s7,292,31.394323,97.2984,153790.0
physx,7,physx_s7,293,31.653614,97.6247,152362.0
physx,7,physx_s7,294,31.586426,97.9517,151927.0
physx,7,physx_s7,295,31.201273,98.2794,151553.0
physx,7,physx_s7,296,31.701315,98.6091,150664.0
physx,7,physx_s7,297,31.751038,98.9371,151456.0
physx,7,physx_s7,298,31.685474,99.2707,148897.0
physx,7,physx_s7,299,31.796703,99.6063,148253.0
physx,8,physx_s8,0,-0.523134,0.0000,33186.0
physx,8,physx_s8,1,-0.882670,0.3226,155589.0
physx,8,physx_s8,2,-1.357009,0.6580,148267.0
physx,8,physx_s8,3,-2.255158,0.9910,149653.0
physx,8,physx_s8,4,-3.398111,1.3272,147909.0
physx,8,physx_s8,5,-3.913339,1.6658,146909.0
physx,8,physx_s8,6,-4.026468,2.0064,145975.0
physx,8,physx_s8,7,-4.184712,2.3461,146361.0
physx,8,physx_s8,8,-4.521020,2.6882,145423.0
physx,8,physx_s8,9,-4.668900,3.0238,148149.0
physx,8,physx_s8,10,-4.390934,3.3617,147084.0
physx,8,physx_s8,11,-4.611098,3.6940,149523.0
physx,8,physx_s8,12,-4.989123,4.0368,144969.0
physx,8,physx_s8,13,-5.161999,4.3750,147017.0
physx,8,physx_s8,14,-5.480436,4.7311,139539.0
physx,8,physx_s8,15,-5.674580,5.0729,145441.0
physx,8,physx_s8,16,-5.654828,5.4107,147153.0
physx,8,physx_s8,17,-5.492391,5.7551,144371.0
physx,8,physx_s8,18,-5.319821,6.0911,147953.0
physx,8,physx_s8,19,-5.099330,6.4354,144386.0
physx,8,physx_s8,20,-5.458304,6.7837,142719.0
physx,8,physx_s8,21,-5.322614,7.1249,145742.0
physx,8,physx_s8,22,-5.247181,7.4569,149820.0
physx,8,physx_s8,23,-5.899762,7.7911,148761.0
physx,8,physx_s8,24,-6.539367,8.1349,144641.0
physx,8,physx_s8,25,-6.895682,8.4771,145232.0
physx,8,physx_s8,26,-7.018491,8.8101,149341.0
physx,8,physx_s8,27,-6.985455,9.1363,152428.0
physx,8,physx_s8,28,-6.066250,9.4939,139004.0
physx,8,physx_s8,29,-6.071266,9.8456,141210.0
physx,8,physx_s8,30,-6.326553,10.1838,147010.0
physx,8,physx_s8,31,-7.089026,10.5244,145810.0
physx,8,physx_s8,32,-7.217326,10.8532,151033.0
physx,8,physx_s8,33,-6.930648,11.1793,152296.0
physx,8,physx_s8,34,-7.521913,11.5147,148079.0
physx,8,physx_s8,35,-7.437284,11.8485,148798.0
physx,8,physx_s8,36,-6.412651,12.1842,148061.0
physx,8,physx_s8,37,-6.274270,12.5145,150362.0
physx,8,physx_s8,38,-6.425093,12.8434,150994.0
physx,8,physx_s8,39,-6.462728,13.1717,151294.0
physx,8,physx_s8,40,-6.066864,13.4935,154334.0
physx,8,physx_s8,41,-5.927411,13.8339,145957.0
physx,8,physx_s8,42,-6.079847,14.1741,145960.0
physx,8,physx_s8,43,-5.545630,14.5021,151664.0
physx,8,physx_s8,44,-5.197283,14.8357,148880.0
physx,8,physx_s8,45,-4.402420,15.1796,144457.0
physx,8,physx_s8,46,-3.522607,15.5138,148612.0
physx,8,physx_s8,47,-3.786692,15.8572,144589.0
physx,8,physx_s8,48,-3.245322,16.2016,144160.0
physx,8,physx_s8,49,-2.859966,16.5641,136861.0
physx,8,physx_s8,50,-2.045644,16.9144,141788.0
physx,8,physx_s8,51,-2.370557,17.2586,145219.0
physx,8,physx_s8,52,-2.113810,17.5957,147332.0
physx,8,physx_s8,53,-1.749663,17.9355,146114.0
physx,8,physx_s8,54,-1.185471,18.2765,145592.0
physx,8,physx_s8,55,-0.940076,18.6196,144800.0
physx,8,physx_s8,56,-0.567431,18.9616,145199.0
physx,8,physx_s8,57,-0.593997,19.3057,144324.0
physx,8,physx_s8,58,0.031278,19.6511,143963.0
physx,8,physx_s8,59,0.473960,19.9958,144174.0
physx,8,physx_s8,60,-0.335590,20.3376,145345.0
physx,8,physx_s8,61,-0.482117,20.6854,142849.0
physx,8,physx_s8,62,0.132075,21.0321,143231.0
physx,8,physx_s8,63,1.194993,21.3798,142896.0
physx,8,physx_s8,64,1.701119,21.7209,145540.0
physx,8,physx_s8,65,1.706187,22.0637,144982.0
physx,8,physx_s8,66,2.230565,22.4109,143120.0
physx,8,physx_s8,67,2.627901,22.7441,149066.0
physx,8,physx_s8,68,3.258527,23.0814,147223.0
physx,8,physx_s8,69,3.397850,23.4133,149581.0
physx,8,physx_s8,70,3.408368,23.7456,149411.0
physx,8,physx_s8,71,2.874264,24.0713,152491.0
physx,8,physx_s8,72,3.118581,24.4138,144976.0
physx,8,physx_s8,73,3.826303,24.7634,142011.0
physx,8,physx_s8,74,4.754074,25.0987,148103.0
physx,8,physx_s8,75,5.177259,25.4355,147433.0
physx,8,physx_s8,76,4.557189,25.7790,144533.0
physx,8,physx_s8,77,4.726253,26.1232,144278.0
physx,8,physx_s8,78,4.690575,26.4708,142863.0
physx,8,physx_s8,79,5.116686,26.8127,145248.0
physx,8,physx_s8,80,6.036132,27.1483,147966.0
physx,8,physx_s8,81,5.304039,27.4776,150894.0
physx,8,physx_s8,82,4.716727,27.8222,144222.0
physx,8,physx_s8,83,5.356698,28.1743,141078.0
physx,8,physx_s8,84,5.790965,28.5231,142416.0
physx,8,physx_s8,85,5.346231,28.8639,145806.0
physx,8,physx_s8,86,6.316662,29.2104,143424.0
physx,8,physx_s8,87,7.153656,29.5518,145605.0
physx,8,physx_s8,88,5.207732,29.8961,144206.0
physx,8,physx_s8,89,7.169774,30.2434,142988.0
physx,8,physx_s8,90,8.082758,30.5894,143611.0
physx,8,physx_s8,91,7.323030,30.9331,144524.0
physx,8,physx_s8,92,6.234265,31.2758,145032.0
physx,8,physx_s8,93,6.326807,31.6125,147495.0
physx,8,physx_s8,94,7.750671,31.9536,145601.0
physx,8,physx_s8,95,7.927755,32.2922,146747.0
physx,8,physx_s8,96,7.375909,32.6337,147471.0
physx,8,physx_s8,97,6.577967,32.9736,146292.0
physx,8,physx_s8,98,6.521463,33.3164,144858.0
physx,8,physx_s8,99,7.201566,33.6601,144518.0
physx,8,physx_s8,100,7.628292,34.0015,145440.0
physx,8,physx_s8,101,7.504252,34.3512,142992.0
physx,8,physx_s8,102,7.229719,34.6975,143357.0
physx,8,physx_s8,103,7.728549,35.0493,141209.0
physx,8,physx_s8,104,8.394700,35.4011,141158.0
physx,8,physx_s8,105,7.740506,35.7470,143551.0
physx,8,physx_s8,106,7.693730,36.0979,141442.0
physx,8,physx_s8,107,8.127323,36.4612,136734.0
physx,8,physx_s8,108,7.873482,36.8082,143079.0
physx,8,physx_s8,109,8.249807,37.1512,144851.0
physx,8,physx_s8,110,9.802798,37.4925,145667.0
physx,8,physx_s8,111,10.248715,37.8282,147982.0
physx,8,physx_s8,112,9.796163,38.1652,147296.0
physx,8,physx_s8,113,9.178224,38.4969,149825.0
physx,8,physx_s8,114,9.295215,38.8362,146343.0
physx,8,physx_s8,115,10.473207,39.1742,147065.0
physx,8,physx_s8,116,10.298185,39.5095,148097.0
physx,8,physx_s8,117,9.679880,39.8534,144361.0
physx,8,physx_s8,118,10.016995,40.2066,142665.0
physx,8,physx_s8,119,10.520989,40.5475,145787.0
physx,8,physx_s8,120,9.665608,40.8896,145118.0
physx,8,physx_s8,121,9.505974,41.2300,145990.0
physx,8,physx_s8,122,9.992217,41.5688,146653.0
physx,8,physx_s8,123,10.060407,41.8984,150772.0
physx,8,physx_s8,124,10.589667,42.2357,147162.0
physx,8,physx_s8,125,11.330147,42.5809,143960.0
physx,8,physx_s8,126,10.254742,42.9181,147262.0
physx,8,physx_s8,127,9.540229,43.2686,141600.0
physx,8,physx_s8,128,10.210750,43.6115,144790.0
physx,8,physx_s8,129,10.684150,43.9548,144657.0
physx,8,physx_s8,130,11.322543,44.2994,144154.0
physx,8,physx_s8,131,11.094039,44.6462,143241.0
physx,8,physx_s8,132,10.117651,44.9919,143645.0
physx,8,physx_s8,133,10.951066,45.3455,140432.0
physx,8,physx_s8,134,10.987070,45.6953,141993.0
physx,8,physx_s8,135,11.133775,46.0427,142968.0
physx,8,physx_s8,136,11.583394,46.3859,144823.0
physx,8,physx_s8,137,11.995619,46.7231,147239.0
physx,8,physx_s8,138,11.801375,47.0597,147535.0
physx,8,physx_s8,139,11.477263,47.3998,146020.0
physx,8,physx_s8,140,12.117188,47.7461,143388.0
physx,8,physx_s8,141,12.171630,48.0913,143837.0
physx,8,physx_s8,142,11.746964,48.4336,145080.0
physx,8,physx_s8,143,10.564240,48.7766,144747.0
physx,8,physx_s8,144,11.316964,49.1217,143834.0
physx,8,physx_s8,145,12.572943,49.4678,143500.0
physx,8,physx_s8,146,12.818173,49.8145,143419.0
physx,8,physx_s8,147,13.692247,50.1525,146884.0
physx,8,physx_s8,148,13.864407,50.4925,146031.0
physx,8,physx_s8,149,12.931551,50.8345,145249.0
physx,8,physx_s8,150,13.480204,51.1711,147547.0
physx,8,physx_s8,151,13.238528,51.5085,148247.0
physx,8,physx_s8,152,11.706890,51.8410,149290.0
physx,8,physx_s8,153,11.592300,52.1732,149528.0
physx,8,physx_s8,154,12.126544,52.5047,149807.0
physx,8,physx_s8,155,12.164204,52.8386,148674.0
physx,8,physx_s8,156,13.639360,53.1852,143296.0
physx,8,physx_s8,157,13.473868,53.5185,149240.0
physx,8,physx_s8,158,12.711109,53.8514,149438.0
physx,8,physx_s8,159,12.250972,54.1906,146476.0
physx,8,physx_s8,160,12.523914,54.5326,145205.0
physx,8,physx_s8,161,13.284888,54.8695,147470.0
physx,8,physx_s8,162,14.237803,55.2050,148000.0
physx,8,physx_s8,163,14.166098,55.5402,148195.0
physx,8,physx_s8,164,14.803057,55.8734,149107.0
physx,8,physx_s8,165,15.582228,56.2014,151531.0
physx,8,physx_s8,166,16.325369,56.5494,142781.0
physx,8,physx_s8,167,16.075098,56.8883,146525.0
physx,8,physx_s8,168,15.858949,57.2218,148919.0
physx,8,physx_s8,169,14.748240,57.5621,145855.0
physx,8,physx_s8,170,15.341526,57.9058,144518.0
physx,8,physx_s8,171,14.656524,58.2450,146395.0
physx,8,physx_s8,172,15.694325,58.5847,146237.0
physx,8,physx_s8,173,15.323271,58.9269,145099.0
physx,8,physx_s8,174,15.977786,59.2676,145813.0
physx,8,physx_s8,175,16.022217,59.6066,146617.0
physx,8,physx_s8,176,16.777119,59.9454,146663.0
physx,8,physx_s8,177,17.159649,60.2775,149670.0
physx,8,physx_s8,178,16.812393,60.6100,149411.0
physx,8,physx_s8,179,16.270134,60.9537,144546.0
physx,8,physx_s8,180,16.141787,61.2988,143958.0
physx,8,physx_s8,181,16.954737,61.6387,146178.0
physx,8,physx_s8,182,17.453228,61.9708,149616.0
physx,8,physx_s8,183,18.447464,62.3070,147795.0
physx,8,physx_s8,184,18.892527,62.6473,146104.0
physx,8,physx_s8,185,18.914198,62.9752,151606.0
physx,8,physx_s8,186,17.860807,63.3082,149279.0
physx,8,physx_s8,187,16.890572,63.6460,147179.0
physx,8,physx_s8,188,17.839893,63.9818,147884.0
physx,8,physx_s8,189,19.344870,64.3163,148513.0
physx,8,physx_s8,190,19.617477,64.6522,147986.0
physx,8,physx_s8,191,19.364456,64.9907,146764.0
physx,8,physx_s8,192,20.034946,65.3258,149977.0
physx,8,physx_s8,193,20.485258,65.6563,150278.0
physx,8,physx_s8,194,20.860626,65.9820,152547.0
physx,8,physx_s8,195,20.940447,66.3108,151170.0
physx,8,physx_s8,196,21.121254,66.6344,153639.0
physx,8,physx_s8,197,21.074783,66.9647,150404.0
physx,8,physx_s8,198,21.362574,67.3016,147384.0
physx,8,physx_s8,199,21.231714,67.6270,152595.0
physx,8,physx_s8,200,21.028999,67.9648,147112.0
physx,8,physx_s8,201,21.735277,68.3031,147922.0
physx,8,physx_s8,202,21.799421,68.6387,148079.0
physx,8,physx_s8,203,22.062115,68.9699,150055.0
physx,8,physx_s8,204,21.678013,69.3052,148118.0
physx,8,physx_s8,205,22.016272,69.6534,142630.0
physx,8,physx_s8,206,22.336716,69.9802,152008.0
physx,8,physx_s8,207,22.442854,70.3100,150829.0
physx,8,physx_s8,208,22.400232,70.6459,147994.0
physx,8,physx_s8,209,22.689402,70.9781,149694.0
physx,8,physx_s8,210,22.656570,71.3067,151133.0
physx,8,physx_s8,211,23.242847,71.6409,148601.0
physx,8,physx_s8,212,23.913252,71.9762,148178.0
physx,8,physx_s8,213,22.707954,72.3137,147185.0
physx,8,physx_s8,214,23.896717,72.6508,147397.0
physx,8,physx_s8,215,23.704617,72.9898,146574.0
physx,8,physx_s8,216,23.613987,73.3279,147073.0
physx,8,physx_s8,217,22.937048,73.6648,147457.0
physx,8,physx_s8,218,23.006369,73.9945,150701.0
physx,8,physx_s8,219,24.442379,74.3232,151110.0
physx,8,physx_s8,220,24.276283,74.6554,149566.0
physx,8,physx_s8,221,24.403723,74.9901,148419.0
physx,8,physx_s8,222,25.322802,75.3235,149069.0
physx,8,physx_s8,223,25.803259,75.6502,152131.0
physx,8,physx_s8,224,25.708004,75.9809,150159.0
physx,8,physx_s8,225,25.419374,76.3113,150332.0
physx,8,physx_s8,226,25.139280,76.6444,149328.0
physx,8,physx_s8,227,25.552296,76.9746,150417.0
physx,8,physx_s8,228,26.194029,77.3041,150864.0
physx,8,physx_s8,229,25.716764,77.6455,148259.0
physx,8,physx_s8,230,25.594170,77.9779,149748.0
physx,8,physx_s8,231,25.687969,78.3114,148925.0
physx,8,physx_s8,232,26.358892,78.6435,149766.0
physx,8,physx_s8,233,26.635193,78.9756,149727.0
physx,8,physx_s8,234,26.712759,79.3044,151162.0
physx,8,physx_s8,235,26.057348,79.6318,151738.0
physx,8,physx_s8,236,26.001438,79.9598,151379.0
physx,8,physx_s8,237,26.063372,80.2906,150285.0
physx,8,physx_s8,238,26.541824,80.6164,152464.0
physx,8,physx_s8,239,26.930702,80.9524,147807.0
physx,8,physx_s8,240,26.985765,81.2845,149653.0
physx,8,physx_s8,241,27.190945,81.6087,153255.0
physx,8,physx_s8,242,27.502810,81.9401,150036.0
physx,8,physx_s8,243,27.639763,82.2718,149758.0
physx,8,physx_s8,244,27.633492,82.6001,151287.0
physx,8,physx_s8,245,27.228594,82.9282,151360.0
physx,8,physx_s8,246,27.140253,83.2561,151581.0
physx,8,physx_s8,247,27.192787,83.5808,153156.0
physx,8,physx_s8,248,27.744352,83.9018,154792.0
physx,8,physx_s8,249,28.068079,84.2305,151087.0
physx,8,physx_s8,250,27.927494,84.5604,150654.0
physx,8,physx_s8,251,27.943346,84.8878,152978.0
physx,8,physx_s8,252,27.932421,85.2199,149539.0
physx,8,physx_s8,253,28.022896,85.5552,148116.0
physx,8,physx_s8,254,28.429743,85.8879,149280.0
physx,8,physx_s8,255,28.372177,86.2211,149079.0
physx,8,physx_s8,256,28.725716,86.5571,147777.0
physx,8,physx_s8,257,29.230751,86.8925,148104.0
physx,8,physx_s8,258,28.942448,87.2244,149676.0
physx,8,physx_s8,259,28.430176,87.5549,150252.0
physx,8,physx_s8,260,28.097580,87.8832,151393.0
physx,8,physx_s8,261,28.860350,88.2156,149459.0
physx,8,physx_s8,262,29.212069,88.5504,148342.0
physx,8,physx_s8,263,29.371523,88.8800,150709.0
physx,8,physx_s8,264,29.310408,89.2153,148320.0
physx,8,physx_s8,265,29.624100,89.5427,151704.0
physx,8,physx_s8,266,29.700203,89.8709,151296.0
physx,8,physx_s8,267,29.308975,90.2047,148820.0
physx,8,physx_s8,268,29.164555,90.5335,151124.0
physx,8,physx_s8,269,29.549490,90.8659,149564.0
physx,8,physx_s8,270,29.563810,91.1985,149473.0
physx,8,physx_s8,271,29.711735,91.5278,150791.0
physx,8,physx_s8,272,29.828419,91.8562,151238.0
physx,8,physx_s8,273,29.968550,92.1848,151262.0
physx,8,physx_s8,274,29.869511,92.5179,149224.0
physx,8,physx_s8,275,29.350887,92.8554,147289.0
physx,8,physx_s8,276,29.526459,93.1897,148686.0
physx,8,physx_s8,277,29.904564,93.5241,148581.0
physx,8,physx_s8,278,29.988119,93.8557,149802.0
physx,8,physx_s8,279,29.857584,94.1859,150396.0
physx,8,physx_s8,280,29.886223,94.5164,150277.0
physx,8,physx_s8,281,29.864553,94.8543,146976.0
physx,8,physx_s8,282,30.181705,95.1864,149609.0
physx,8,physx_s8,283,30.216696,95.5197,149028.0
physx,8,physx_s8,284,30.014853,95.8607,145678.0
physx,8,physx_s8,285,29.815372,96.1971,147663.0
physx,8,physx_s8,286,30.055285,96.5336,147619.0
physx,8,physx_s8,287,30.424877,96.8608,151867.0
physx,8,physx_s8,288,30.080280,97.1920,152001.0
physx,8,physx_s8,289,30.099390,97.5247,149290.0
physx,8,physx_s8,290,30.557346,97.8488,153326.0
physx,8,physx_s8,291,30.677986,98.1881,146542.0
physx,8,physx_s8,292,30.777073,98.5271,146450.0
physx,8,physx_s8,293,30.922928,98.8586,149879.0
physx,8,physx_s8,294,30.647287,99.2050,143405.0
physx,8,physx_s8,295,31.085543,99.5318,152093.0
physx,8,physx_s8,296,30.861216,99.8638,149609.0
physx,8,physx_s8,297,30.684484,100.1947,150148.0
physx,8,physx_s8,298,30.869230,100.5327,146923.0
physx,8,physx_s8,299,30.179272,100.8685,147962.0
physx,9,physx_s9,0,-0.504863,0.0000,39003.0
physx,9,physx_s9,1,-0.856145,0.3415,146817.0
physx,9,physx_s9,2,-1.355989,0.6717,150732.0
physx,9,physx_s9,3,-2.020472,0.9986,152093.0
physx,9,physx_s9,4,-2.652562,1.3245,152472.0
physx,9,physx_s9,5,-3.123144,1.6570,149352.0
physx,9,physx_s9,6,-3.245962,1.9933,147654.0
physx,9,physx_s9,7,-3.442146,2.3230,150648.0
physx,9,physx_s9,8,-3.755306,2.6543,149960.0
physx,9,physx_s9,9,-3.911375,2.9853,150131.0
physx,9,physx_s9,10,-4.248662,3.3169,149777.0
physx,9,physx_s9,11,-4.588035,3.6419,152862.0
physx,9,physx_s9,12,-4.515953,3.9755,148892.0
physx,9,physx_s9,13,-4.604072,4.3027,151837.0
physx,9,physx_s9,14,-4.824013,4.6302,151721.0
physx,9,physx_s9,15,-4.979867,4.9530,154046.0
physx,9,physx_s9,16,-5.109581,5.2821,151043.0
physx,9,physx_s9,17,-5.323560,5.6078,152483.0
physx,9,physx_s9,18,-5.271863,5.9365,151149.0
physx,9,physx_s9,19,-5.424018,6.2662,150627.0
physx,9,physx_s9,20,-5.794191,6.5910,153099.0
physx,9,physx_s9,21,-5.577771,6.9221,150059.0
physx,9,physx_s9,22,-5.651982,7.2515,150764.0
physx,9,physx_s9,23,-6.210249,7.5749,153767.0
physx,9,physx_s9,24,-5.785094,7.9015,152128.0
physx,9,physx_s9,25,-5.562439,8.2279,152256.0
physx,9,physx_s9,26,-5.231116,8.5555,151671.0
physx,9,physx_s9,27,-5.398927,8.8854,150913.0
physx,9,physx_s9,28,-5.685054,9.2156,150508.0
physx,9,physx_s9,29,-6.160961,9.5416,152443.0
physx,9,physx_s9,30,-6.050289,9.8675,152460.0
physx,9,physx_s9,31,-6.088486,10.1974,150610.0
physx,9,physx_s9,32,-5.727029,10.5221,153045.0
physx,9,physx_s9,33,-4.991696,10.8531,150148.0
physx,9,physx_s9,34,-5.392485,11.1837,150293.0
physx,9,physx_s9,35,-4.998605,11.5054,154599.0
physx,9,physx_s9,36,-4.710211,11.8383,149220.0
physx,9,physx_s9,37,-4.799571,12.1787,145936.0
physx,9,physx_s9,38,-5.025277,12.5052,152148.0
physx,9,physx_s9,39,-5.595582,12.8269,154444.0
physx,9,physx_s9,40,-6.035800,13.1572,150413.0
physx,9,physx_s9,41,-5.352861,13.4866,150854.0
physx,9,physx_s9,42,-5.163525,13.8174,150164.0
physx,9,physx_s9,43,-4.156645,14.1458,151326.0
physx,9,physx_s9,44,-3.805475,14.4702,153192.0
physx,9,physx_s9,45,-4.205337,14.7969,152123.0
physx,9,physx_s9,46,-3.041518,15.1283,149986.0
physx,9,physx_s9,47,-3.025711,15.4708,145145.0
physx,9,physx_s9,48,-2.813269,15.8098,146559.0
physx,9,physx_s9,49,-2.243814,16.1431,149115.0
physx,9,physx_s9,50,-2.310776,16.4776,148506.0
physx,9,physx_s9,51,-1.313615,16.8176,147091.0
physx,9,physx_s9,52,-0.533045,17.1487,150153.0
physx,9,physx_s9,53,-0.301688,17.4776,151130.0
physx,9,physx_s9,54,0.238687,17.8062,151183.0
physx,9,physx_s9,55,-0.390393,18.1398,149008.0
physx,9,physx_s9,56,0.037191,18.4662,152210.0
physx,9,physx_s9,57,1.285527,18.7967,150286.0
physx,9,physx_s9,58,1.582007,19.1291,149526.0
physx,9,physx_s9,59,1.282954,19.4642,148428.0
physx,9,physx_s9,60,2.587054,19.8111,143102.0
physx,9,physx_s9,61,2.554263,20.1493,146821.0
physx,9,physx_s9,62,1.854308,20.5062,139144.0
physx,9,physx_s9,63,1.873604,20.8487,145119.0
physx,9,physx_s9,64,2.933691,21.1895,145708.0
physx,9,physx_s9,65,3.565055,21.5174,151603.0
physx,9,physx_s9,66,3.640303,21.8556,146965.0
physx,9,physx_s9,67,3.549620,22.1903,148564.0
physx,9,physx_s9,68,4.221069,22.5190,151210.0
physx,9,physx_s9,69,4.392326,22.8519,149330.0
physx,9,physx_s9,70,3.977428,23.1920,146190.0
physx,9,physx_s9,71,4.203743,23.5259,148749.0
physx,9,physx_s9,72,4.811635,23.8610,148189.0
physx,9,physx_s9,73,5.276712,24.1909,150587.0
physx,9,physx_s9,74,5.396227,24.5264,148020.0
physx,9,physx_s9,75,4.681356,24.8781,141177.0
physx,9,physx_s9,76,4.870728,25.2095,149817.0
physx,9,physx_s9,77,5.986003,25.5420,149372.0
physx,9,physx_s9,78,5.205891,25.8782,147776.0
physx,9,physx_s9,79,5.178183,26.2150,147580.0
physx,9,physx_s9,80,6.620690,26.5501,148459.0
physx,9,physx_s9,81,7.311270,26.8816,149791.0
physx,9,physx_s9,82,7.148216,27.2209,146369.0
physx,9,physx_s9,83,6.104863,27.5549,148748.0
physx,9,physx_s9,84,5.688132,27.8898,148285.0
physx,9,physx_s9,85,6.211264,28.2250,148143.0
physx,9,physx_s9,86,7.236745,28.5565,149818.0
physx,9,physx_s9,87,7.663186,28.8917,148121.0
physx,9,physx_s9,88,7.557698,29.2294,147156.0
physx,9,physx_s9,89,7.449612,29.5696,146176.0
physx,9,physx_s9,90,7.568647,29.9114,145460.0
physx,9,physx_s9,91,7.274470,30.2456,148597.0
physx,9,physx_s9,92,7.113084,30.5838,146820.0
physx,9,physx_s9,93,7.116308,30.9246,145814.0
physx,9,physx_s9,94,7.314079,31.2561,149794.0
physx,9,physx_s9,95,7.410635,31.5938,147066.0
physx,9,physx_s9,96,7.230693,31.9385,146043.0
physx,9,physx_s9,97,7.452284,32.2718,148984.0
physx,9,physx_s9,98,7.792384,32.6061,148509.0
physx,9,physx_s9,99,8.582493,32.9413,148123.0
physx,9,physx_s9,100,8.717602,33.2770,147941.0
physx,9,physx_s9,101,8.619810,33.6140,148386.0
physx,9,physx_s9,102,8.661076,33.9527,146793.0
physx,9,physx_s9,103,8.772678,34.2843,149921.0
physx,9,physx_s9,104,9.393567,34.6218,147214.0
physx,9,physx_s9,105,8.482293,34.9584,147534.0
physx,9,physx_s9,106,8.145297,35.2878,150832.0
physx,9,physx_s9,107,8.841175,35.6203,149453.0
physx,9,physx_s9,108,9.221790,35.9575,147352.0
physx,9,physx_s9,109,8.895218,36.2876,150634.0
physx,9,physx_s9,110,9.085178,36.6239,147747.0
physx,9,physx_s9,111,9.158519,36.9584,148604.0
physx,9,physx_s9,112,8.590285,37.2938,148194.0
physx,9,physx_s9,113,8.914875,37.6295,148058.0
physx,9,physx_s9,114,10.409230,37.9660,147762.0
physx,9,physx_s9,115,9.295734,38.2995,148927.0
physx,9,physx_s9,116,9.853729,38.6339,148615.0
physx,9,physx_s9,117,10.517429,38.9679,148694.0
physx,9,physx_s9,118,10.932927,39.2967,151148.0
physx,9,physx_s9,119,10.282413,39.6330,147815.0
physx,9,physx_s9,120,10.156034,39.9735,145970.0
physx,9,physx_s9,121,10.646482,40.3106,147298.0
physx,9,physx_s9,122,10.837317,40.6427,149513.0
physx,9,physx_s9,123,9.911946,40.9712,151373.0
physx,9,physx_s9,124,10.119040,41.3046,149112.0
physx,9,physx_s9,125,10.528786,41.6327,151357.0
physx,9,physx_s9,126,10.779302,41.9659,149047.0
physx,9,physx_s9,127,11.144511,42.2992,149009.0
physx,9,physx_s9,128,10.954546,42.6337,148418.0
physx,9,physx_s9,129,11.284361,42.9667,149260.0
physx,9,physx_s9,130,10.504268,43.3038,147506.0
physx,9,physx_s9,131,10.542999,43.6396,147921.0
physx,9,physx_s9,132,10.926275,43.9742,148568.0
physx,9,physx_s9,133,11.875306,44.3128,146734.0
physx,9,physx_s9,134,11.307827,44.6450,149549.0
physx,9,physx_s9,135,11.868096,44.9815,147573.0
physx,9,physx_s9,136,11.745248,45.3120,150245.0
physx,9,physx_s9,137,11.576683,45.6486,147679.0
physx,9,physx_s9,138,11.704325,45.9883,146291.0
physx,9,physx_s9,139,11.666986,46.3225,148703.0
physx,9,physx_s9,140,11.525599,46.6497,151867.0
physx,9,physx_s9,141,10.942186,46.9910,148503.0
physx,9,physx_s9,142,11.091546,47.3216,150214.0
physx,9,physx_s9,143,11.828220,47.6549,149033.0
physx,9,physx_s9,144,11.976218,47.9887,148872.0
physx,9,physx_s9,145,12.637805,48.3186,150542.0
physx,9,physx_s9,146,12.255973,48.6537,148220.0
physx,9,physx_s9,147,11.614727,48.9846,150084.0
physx,9,physx_s9,148,12.490822,49.3115,151906.0
physx,9,physx_s9,149,12.611934,49.6425,150012.0
physx,9,physx_s9,150,12.434189,49.9775,148479.0
physx,9,physx_s9,151,13.407049,50.3093,150874.0
physx,9,physx_s9,152,13.488916,50.6408,149907.0
physx,9,physx_s9,153,13.704528,50.9763,148288.0
physx,9,physx_s9,154,13.328866,51.3095,149042.0
physx,9,physx_s9,155,13.628327,51.6407,149997.0
physx,9,physx_s9,156,13.647322,51.9712,150265.0
physx,9,physx_s9,157,13.417931,52.3062,148256.0
physx,9,physx_s9,158,13.578485,52.6433,147324.0
physx,9,physx_s9,159,13.742306,52.9708,151666.0
physx,9,physx_s9,160,13.722959,53.2972,152168.0
physx,9,physx_s9,161,14.084265,53.6311,148702.0
physx,9,physx_s9,162,14.530673,53.9680,147403.0
physx,9,physx_s9,163,14.844816,54.3116,144624.0
physx,9,physx_s9,164,14.428474,54.6392,151578.0
physx,9,physx_s9,165,13.536933,54.9760,147519.0
physx,9,physx_s9,166,16.061165,55.3078,149766.0
physx,9,physx_s9,167,16.817097,55.6389,150033.0
physx,9,physx_s9,168,15.425931,55.9744,148133.0
physx,9,physx_s9,169,15.594368,56.3091,148456.0
physx,9,physx_s9,170,15.533802,56.6397,150244.0
physx,9,physx_s9,171,15.756853,56.9733,148791.0
physx,9,physx_s9,172,16.449717,57.3123,146557.0
physx,9,physx_s9,173,16.560068,57.6520,146254.0
physx,9,physx_s9,174,16.427650,57.9865,148411.0
physx,9,physx_s9,175,17.403250,58.3220,147992.0
physx,9,physx_s9,176,16.416214,58.6596,147120.0
physx,9,physx_s9,177,15.340712,58.9929,149101.0
physx,9,physx_s9,178,15.710885,59.3245,149869.0
physx,9,physx_s9,179,16.502232,59.6603,147867.0
physx,9,physx_s9,180,16.499168,59.9965,147873.0
physx,9,physx_s9,181,17.028711,60.3285,149720.0
physx,9,physx_s9,182,17.760670,60.6608,149581.0
physx,9,physx_s9,183,16.652306,60.9962,148229.0
physx,9,physx_s9,184,16.836250,61.3431,143114.0
physx,9,physx_s9,185,17.150023,61.6827,146233.0
physx,9,physx_s9,186,17.631302,62.0263,144491.0
physx,9,physx_s9,187,18.679766,62.3685,145076.0
physx,9,physx_s9,188,18.336641,62.7032,148362.0
physx,9,physx_s9,189,18.417898,63.0421,146487.0
physx,9,physx_s9,190,18.956015,63.3768,148329.0
physx,9,physx_s9,191,18.865076,63.7249,142613.0
physx,9,physx_s9,192,18.958679,64.0768,142646.0
physx,9,physx_s9,193,18.904514,64.4131,147629.0
physx,9,physx_s9,194,19.035025,64.7506,147127.0
physx,9,physx_s9,195,19.298599,65.0938,144796.0
physx,9,physx_s9,196,19.210558,65.4247,150155.0
physx,9,physx_s9,197,18.881664,65.7580,149020.0
physx,9,physx_s9,198,18.949450,66.0874,150801.0
physx,9,physx_s9,199,20.074528,66.4206,149150.0
physx,9,physx_s9,200,20.718060,66.7555,148359.0
physx,9,physx_s9,201,19.868917,67.0931,148224.0
physx,9,physx_s9,202,19.937498,67.4268,149002.0
physx,9,physx_s9,203,20.749821,67.7621,148158.0
physx,9,physx_s9,204,21.898430,68.0999,147118.0
physx,9,physx_s9,205,21.852482,68.4407,145814.0
physx,9,physx_s9,206,21.246635,68.7654,152950.0
physx,9,physx_s9,207,21.264763,69.0980,149359.0
physx,9,physx_s9,208,21.605207,69.4274,150802.0
physx,9,physx_s9,209,21.634359,69.7591,149856.0
physx,9,physx_s9,210,21.825628,70.0922,149094.0
physx,9,physx_s9,211,22.084967,70.4210,151138.0
physx,9,physx_s9,212,22.404839,70.7564,148086.0
physx,9,physx_s9,213,22.695145,71.0908,148487.0
physx,9,physx_s9,214,22.445488,71.4254,148425.0
physx,9,physx_s9,215,21.894457,71.7577,149532.0
physx,9,physx_s9,216,22.550365,72.1081,141701.0
physx,9,physx_s9,217,22.002733,72.4392,150186.0
physx,9,physx_s9,218,22.288513,72.7694,150577.0
physx,9,physx_s9,219,21.973843,73.0971,151728.0
physx,9,physx_s9,220,22.813221,73.4292,149565.0
physx,9,physx_s9,221,23.998880,73.7693,146001.0
physx,9,physx_s9,222,23.838017,74.1064,147509.0
physx,9,physx_s9,223,23.520853,74.4474,145666.0
physx,9,physx_s9,224,23.818270,74.7830,148018.0
physx,9,physx_s9,225,23.398329,75.1188,147918.0
physx,9,physx_s9,226,23.711529,75.4497,150227.0
physx,9,physx_s9,227,25.054451,75.7876,147002.0
physx,9,physx_s9,228,25.230642,76.1127,152731.0
physx,9,physx_s9,229,24.159781,76.4473,148408.0
physx,9,physx_s9,230,24.535633,76.7942,143079.0
physx,9,physx_s9,231,24.738729,77.1376,144524.0
physx,9,physx_s9,232,24.621565,77.4767,146372.0
physx,9,physx_s9,233,24.952190,77.8177,145727.0
physx,9,physx_s9,234,25.156900,78.1490,149931.0
physx,9,physx_s9,235,24.694807,78.4790,150612.0
physx,9,physx_s9,236,25.207996,78.8178,146557.0
physx,9,physx_s9,237,25.044449,79.1557,147026.0
physx,9,physx_s9,238,25.087328,79.4985,144865.0
physx,9,physx_s9,239,25.454519,79.8409,145110.0
physx,9,physx_s9,240,25.384008,80.1750,148866.0
physx,9,physx_s9,241,25.806030,80.5030,151488.0
physx,9,physx_s9,242,26.131741,80.8347,149733.0
physx,9,physx_s9,243,26.272066,81.1543,155496.0
physx,9,physx_s9,244,26.187424,81.4887,148555.0
physx,9,physx_s9,245,26.345346,81.8229,148600.0
physx,9,physx_s9,246,25.890221,82.1542,149919.0
physx,9,physx_s9,247,25.981379,82.5097,142423.0
physx,9,physx_s9,248,26.067837,82.8542,144088.0
physx,9,physx_s9,249,26.469952,83.1980,144416.0
physx,9,physx_s9,250,26.520098,83.5313,148919.0
physx,9,physx_s9,251,27.007063,83.8727,146421.0
physx,9,physx_s9,252,26.686361,84.2122,146261.0
physx,9,physx_s9,253,26.742075,84.5511,146475.0
physx,9,physx_s9,254,26.785322,84.8886,147126.0
physx,9,physx_s9,255,26.947830,85.2377,142219.0
physx,9,physx_s9,256,27.039284,85.5847,143124.0
physx,9,physx_s9,257,27.127832,85.9166,149805.0
physx,9,physx_s9,258,27.290621,86.2576,145735.0
physx,9,physx_s9,259,27.593468,86.5927,148369.0
physx,9,physx_s9,260,27.863630,86.9304,147189.0
physx,9,physx_s9,261,27.710470,87.2577,151807.0
physx,9,physx_s9,262,27.888044,87.5963,149659.0
physx,9,physx_s9,263,28.113203,87.9330,147616.0
physx,9,physx_s9,264,27.743277,88.2691,147841.0
physx,9,physx_s9,265,27.167341,88.6009,149859.0
physx,9,physx_s9,266,27.699598,88.9322,150021.0
physx,9,physx_s9,267,27.734251,89.2708,146664.0
physx,9,physx_s9,268,27.984882,89.6041,149012.0
physx,9,physx_s9,269,28.492960,89.9446,145987.0
physx,9,physx_s9,270,28.555752,90.2779,149110.0
physx,9,physx_s9,271,28.645599,90.6162,146757.0
physx,9,physx_s9,272,28.458355,90.9523,147752.0
physx,9,physx_s9,273,28.460491,91.2780,152604.0
physx,9,physx_s9,274,28.932791,91.6148,147592.0
physx,9,physx_s9,275,29.035141,91.9483,148929.0
physx,9,physx_s9,276,28.832634,92.2725,153343.0
physx,9,physx_s9,277,29.063770,92.6023,153712.0
physx,9,physx_s9,278,28.845404,92.9322,150730.0
physx,9,physx_s9,279,28.783585,93.2591,152020.0
physx,9,physx_s9,280,28.592327,93.5889,150641.0
physx,9,physx_s9,281,29.066935,93.9179,150970.0
physx,9,physx_s9,282,29.334145,94.2483,150350.0
physx,9,physx_s9,283,29.422195,94.5795,150096.0
physx,9,physx_s9,284,29.330982,94.9029,153748.0
physx,9,physx_s9,285,29.308767,95.2306,151675.0
physx,9,physx_s9,286,29.483086,95.5598,150882.0
physx,9,physx_s9,287,29.702343,95.8924,149445.0
physx,9,physx_s9,288,29.733589,96.2302,148814.0
physx,9,physx_s9,289,29.718039,96.5616,149918.0
physx,9,physx_s9,290,29.983616,96.9049,144727.0
physx,9,physx_s9,291,30.079466,97.2429,146911.0
physx,9,physx_s9,292,29.656376,97.5677,152945.0
physx,9,physx_s9,293,29.801956,97.8958,151401.0
physx,9,physx_s9,294,30.064268,98.2233,151688.0
physx,9,physx_s9,295,30.394802,98.5503,151918.0
physx,9,physx_s9,296,30.459932,98.8767,152191.0
physx,9,physx_s9,297,30.411394,99.2060,150844.0
physx,9,physx_s9,298,30.377766,99.5328,151963.0
physx,9,physx_s9,299,30.471647,99.8600,151903.0
newton,0,newton_s0,0,-0.656672,0.0000,49087.0
newton,0,newton_s0,1,-0.937454,0.2074,244862.0
newton,0,newton_s0,2,-1.627785,0.4172,238579.0
newton,0,newton_s0,3,-2.780254,0.6323,232719.0
newton,0,newton_s0,4,-3.875555,0.8433,237105.0
newton,0,newton_s0,5,-4.292275,1.0522,239796.0
newton,0,newton_s0,6,-4.679890,1.2605,240327.0
newton,0,newton_s0,7,-5.076272,1.4710,237543.0
newton,0,newton_s0,8,-5.008626,1.6814,237804.0
newton,0,newton_s0,9,-5.024586,1.8890,241101.0
newton,0,newton_s0,10,-5.738268,2.0977,239971.0
newton,0,newton_s0,11,-5.910150,2.3027,244063.0
newton,0,newton_s0,12,-5.594082,2.5061,245636.0
newton,0,newton_s0,13,-5.806006,2.7118,242874.0
newton,0,newton_s0,14,-6.481764,2.9250,241988.0
newton,0,newton_s0,15,-6.640196,3.1312,242197.0
newton,0,newton_s0,16,-6.685575,3.3347,245430.0
newton,0,newton_s0,17,-6.598712,3.5448,237675.0
newton,0,newton_s0,18,-6.421638,3.7461,248153.0
newton,0,newton_s0,19,-7.081240,3.9529,241908.0
newton,0,newton_s0,20,-7.500847,4.1605,240925.0
newton,0,newton_s0,21,-7.246565,4.3625,247816.0
newton,0,newton_s0,22,-6.933966,4.5711,239840.0
newton,0,newton_s0,23,-6.974921,4.7796,239933.0
newton,0,newton_s0,24,-6.454004,4.9872,241088.0
newton,0,newton_s0,25,-6.848391,5.1929,243284.0
newton,0,newton_s0,26,-7.272087,5.3973,244805.0
newton,0,newton_s0,27,-6.889369,5.6001,246670.0
newton,0,newton_s0,28,-6.920125,5.8077,240753.0
newton,0,newton_s0,29,-7.211095,6.0125,244311.0
newton,0,newton_s0,30,-7.233822,6.2246,235627.0
newton,0,newton_s0,31,-7.050347,6.4322,240851.0
newton,0,newton_s0,32,-6.771094,6.6374,243480.0
newton,0,newton_s0,33,-6.644345,6.8441,241752.0
newton,0,newton_s0,34,-7.028312,7.0529,239501.0
newton,0,newton_s0,35,-6.723551,7.2648,235735.0
newton,0,newton_s0,36,-7.126823,7.4707,242834.0
newton,0,newton_s0,37,-7.082558,7.6795,239321.0
newton,0,newton_s0,38,-6.466704,7.8895,237984.0
newton,0,newton_s0,39,-5.926171,8.0900,249325.0
newton,0,newton_s0,40,-5.310465,8.2988,239180.0
newton,0,newton_s0,41,-5.402826,8.5010,247190.0
newton,0,newton_s0,42,-5.983426,8.7057,244148.0
newton,0,newton_s0,43,-4.945320,8.9094,245339.0
newton,0,newton_s0,44,-4.103992,9.1173,240431.0
newton,0,newton_s0,45,-4.119764,9.3250,240513.0
newton,0,newton_s0,46,-3.651792,9.5330,240224.0
newton,0,newton_s0,47,-3.041430,9.7428,238220.0
newton,0,newton_s0,48,-2.790555,9.9519,239084.0
newton,0,newton_s0,49,-2.179531,10.1604,239585.0
newton,0,newton_s0,50,-1.215901,10.3671,241707.0
newton,0,newton_s0,51,-1.577457,10.5783,239066.0
newton,0,newton_s0,52,-1.249958,10.7854,241141.0
newton,0,newton_s0,53,-0.929512,10.9903,243783.0
newton,0,newton_s0,54,0.464118,11.1923,247353.0
newton,0,newton_s0,55,1.177632,11.3996,243316.0
newton,0,newton_s0,56,1.009183,11.6058,242183.0
newton,0,newton_s0,57,1.554583,11.8074,248072.0
newton,0,newton_s0,58,1.713524,12.0153,240401.0
newton,0,newton_s0,59,1.316233,12.2214,242668.0
newton,0,newton_s0,60,1.259043,12.4249,245596.0
newton,0,newton_s0,61,2.642928,12.6313,242025.0
newton,0,newton_s0,62,3.828084,12.8382,241357.0
newton,0,newton_s0,63,3.839952,13.0444,250345.0
newton,0,newton_s0,64,3.317364,13.2534,239269.0
newton,0,newton_s0,65,3.583028,13.4586,243469.0
newton,0,newton_s0,66,3.969590,13.6643,242752.0
newton,0,newton_s0,67,4.272649,13.8663,247285.0
newton,0,newton_s0,68,3.917491,14.0694,245922.0
newton,0,newton_s0,69,4.470315,14.2735,244745.0
newton,0,newton_s0,70,3.957898,14.4752,247738.0
newton,0,newton_s0,71,4.208733,14.6849,238235.0
newton,0,newton_s0,72,5.043570,14.8923,241178.0
newton,0,newton_s0,73,5.057183,15.1003,240177.0
newton,0,newton_s0,74,4.692097,15.2994,250873.0
newton,0,newton_s0,75,4.733981,15.5085,238815.0
newton,0,newton_s0,76,4.858814,15.7179,238481.0
newton,0,newton_s0,77,5.342566,15.9270,238912.0
newton,0,newton_s0,78,5.340293,16.1322,243465.0
newton,0,newton_s0,79,5.162825,16.3423,237722.0
newton,0,newton_s0,80,6.337328,16.5491,241580.0
newton,0,newton_s0,81,6.066237,16.7541,243627.0
newton,0,newton_s0,82,5.125538,16.9604,242158.0
newton,0,newton_s0,83,5.041322,17.1645,244718.0
newton,0,newton_s0,84,5.536479,17.3677,245813.0
newton,0,newton_s0,85,5.379075,17.5729,243723.0
newton,0,newton_s0,86,5.928573,17.7827,238214.0
newton,0,newton_s0,87,6.845579,17.9924,238559.0
newton,0,newton_s0,88,6.955778,18.2023,238002.0
newton,0,newton_s0,89,6.109527,18.4118,238560.0
newton,0,newton_s0,90,5.764561,18.6223,237440.0
newton,0,newton_s0,91,6.897236,18.8305,239868.0
newton,0,newton_s0,92,7.879686,19.0402,238225.0
newton,0,newton_s0,93,7.111464,19.2502,237772.0
newton,0,newton_s0,94,6.708397,19.4590,239199.0
newton,0,newton_s0,95,6.627250,19.6621,245955.0
newton,0,newton_s0,96,6.535893,19.8656,245560.0
newton,0,newton_s0,97,7.136147,20.0741,239507.0
newton,0,newton_s0,98,8.163695,20.2860,235844.0
newton,0,newton_s0,99,7.986337,20.4922,242283.0
newton,0,newton_s0,100,7.718463,20.7017,238404.0
newton,0,newton_s0,101,7.376542,20.9107,241299.0
newton,0,newton_s0,102,6.281686,21.1175,241535.0
newton,0,newton_s0,103,7.711695,21.3279,237404.0
newton,0,newton_s0,104,8.668939,21.5394,236360.0
newton,0,newton_s0,105,8.882294,21.7457,242115.0
newton,0,newton_s0,106,9.268021,21.9572,236178.0
newton,0,newton_s0,107,7.980479,22.1666,238760.0
newton,0,newton_s0,108,7.618521,22.3743,240787.0
newton,0,newton_s0,109,7.284808,22.5800,242923.0
newton,0,newton_s0,110,7.846790,22.7847,244186.0
newton,0,newton_s0,111,8.535361,22.9921,240895.0
newton,0,newton_s0,112,9.344024,23.1981,242401.0
newton,0,newton_s0,113,9.078850,23.4180,234491.0
newton,0,newton_s0,114,9.361136,23.6263,239930.0
newton,0,newton_s0,115,9.172858,23.8339,240490.0
newton,0,newton_s0,116,8.572280,24.0383,244344.0
newton,0,newton_s0,117,8.618841,24.2479,238191.0
newton,0,newton_s0,118,8.396882,24.4591,236533.0
newton,0,newton_s0,119,9.395858,24.6657,241833.0
newton,0,newton_s0,120,9.253201,24.8756,237920.0
newton,0,newton_s0,121,9.264968,25.0849,238364.0
newton,0,newton_s0,122,9.110673,25.2904,243080.0
newton,0,newton_s0,123,7.909385,25.4985,239973.0
newton,0,newton_s0,124,8.063023,25.7094,236712.0
newton,0,newton_s0,125,8.510663,25.9153,242707.0
newton,0,newton_s0,126,9.028292,26.1216,242495.0
newton,0,newton_s0,127,9.551533,26.3330,236567.0
newton,0,newton_s0,128,9.302024,26.5445,236291.0
newton,0,newton_s0,129,8.922313,26.7555,236819.0
newton,0,newton_s0,130,9.736672,26.9685,234642.0
newton,0,newton_s0,131,9.823729,27.1807,235542.0
newton,0,newton_s0,132,8.899669,27.3949,234003.0
newton,0,newton_s0,133,8.624632,27.6067,235753.0
newton,0,newton_s0,134,8.378154,27.8214,232698.0
newton,0,newton_s0,135,8.999823,28.0340,234783.0
newton,0,newton_s0,136,8.638516,28.2443,237409.0
newton,0,newton_s0,137,8.752496,28.4558,243645.0
newton,0,newton_s0,138,9.721840,28.6638,240564.0
newton,0,newton_s0,139,9.612863,28.8727,239064.0
newton,0,newton_s0,140,9.672678,29.0805,240316.0
newton,0,newton_s0,141,9.425630,29.2884,240326.0
newton,0,newton_s0,142,8.942298,29.4988,237322.0
newton,0,newton_s0,143,9.829011,29.7042,243415.0
newton,0,newton_s0,144,10.451217,29.9154,236512.0
newton,0,newton_s0,145,9.506089,30.1258,237753.0
newton,0,newton_s0,146,9.113212,30.3304,244289.0
newton,0,newton_s0,147,9.367607,30.5415,236678.0
newton,0,newton_s0,148,9.225269,30.7504,239123.0
newton,0,newton_s0,149,9.469058,30.9577,240905.0
newton,0,newton_s0,150,9.543699,31.1645,241502.0
newton,0,newton_s0,151,10.751291,31.3721,243282.0
newton,0,newton_s0,152,11.365982,31.5775,243393.0
newton,0,newton_s0,153,11.129566,31.7862,239207.0
newton,0,newton_s0,154,10.901562,31.9917,242986.0
newton,0,newton_s0,155,10.384480,32.1999,239901.0
newton,0,newton_s0,156,10.003613,32.4077,240342.0
newton,0,newton_s0,157,9.715384,32.6126,243768.0
newton,0,newton_s0,158,10.114214,32.8204,240346.0
newton,0,newton_s0,159,10.514412,33.0288,239586.0
newton,0,newton_s0,160,9.789104,33.2449,231045.0
newton,0,newton_s0,161,10.118908,33.4565,243781.0
newton,0,newton_s0,162,10.435095,33.6672,237360.0
newton,0,newton_s0,163,9.763856,33.8795,235074.0
newton,0,newton_s0,164,9.640956,34.0863,241629.0
newton,0,newton_s0,165,9.585897,34.2959,238166.0
newton,0,newton_s0,166,10.209136,34.4983,246853.0
newton,0,newton_s0,167,11.096071,34.7074,239124.0
newton,0,newton_s0,168,11.767962,34.9125,243605.0
newton,0,newton_s0,169,12.315863,35.1260,234063.0
newton,0,newton_s0,170,10.442636,35.3349,239190.0
newton,0,newton_s0,171,11.197772,35.5472,235390.0
newton,0,newton_s0,172,11.805981,35.7595,235129.0
newton,0,newton_s0,173,10.459095,35.9721,235021.0
newton,0,newton_s0,174,11.494207,36.1900,229288.0
newton,0,newton_s0,175,12.383886,36.4048,232415.0
newton,0,newton_s0,176,10.946528,36.6175,234701.0
newton,0,newton_s0,177,10.451205,36.8279,237311.0
newton,0,newton_s0,178,10.455974,37.0348,241390.0
newton,0,newton_s0,179,12.246149,37.2376,246397.0
newton,0,newton_s0,180,12.349799,37.4475,237820.0
newton,0,newton_s0,181,10.831852,37.6582,236958.0
newton,0,newton_s0,182,10.186421,37.8631,243676.0
newton,0,newton_s0,183,10.182466,38.0723,238814.0
newton,0,newton_s0,184,11.300819,38.2817,238850.0
newton,0,newton_s0,185,11.757622,38.4929,243960.0
newton,0,newton_s0,186,11.650781,38.7109,229447.0
newton,0,newton_s0,187,11.198867,38.9250,233278.0
newton,0,newton_s0,188,11.232492,39.1359,236740.0
newton,0,newton_s0,189,12.089016,39.3533,229851.0
newton,0,newton_s0,190,11.985791,39.5691,231520.0
newton,0,newton_s0,191,11.464448,39.7787,238351.0
newton,0,newton_s0,192,11.440108,39.9842,243505.0
newton,0,newton_s0,193,12.430619,40.1906,241887.0
newton,0,newton_s0,194,12.239972,40.3985,240319.0
newton,0,newton_s0,195,11.160652,40.6042,242928.0
newton,0,newton_s0,196,10.866970,40.8181,233689.0
newton,0,newton_s0,197,13.005283,41.0274,238857.0
newton,0,newton_s0,198,13.336905,41.2427,232542.0
newton,0,newton_s0,199,13.348100,41.4452,246697.0
newton,0,newton_s0,200,13.168606,41.6574,235389.0
newton,0,newton_s0,201,12.503494,41.8708,236557.0
newton,0,newton_s0,202,12.372344,42.0853,232833.0
newton,0,newton_s0,203,12.588274,42.2901,243772.0
newton,0,newton_s0,204,12.485016,42.4989,239231.0
newton,0,newton_s0,205,12.952053,42.7081,238634.0
newton,0,newton_s0,206,13.685255,42.9171,238964.0
newton,0,newton_s0,207,12.643412,43.1231,242535.0
newton,0,newton_s0,208,11.776197,43.3302,241134.0
newton,0,newton_s0,209,12.440840,43.5431,242507.0
newton,0,newton_s0,210,12.677943,43.7538,237028.0
newton,0,newton_s0,211,12.289014,43.9653,236076.0
newton,0,newton_s0,212,12.535438,44.1767,236256.0
newton,0,newton_s0,213,14.611606,44.3902,233916.0
newton,0,newton_s0,214,15.167457,44.6019,236416.0
newton,0,newton_s0,215,14.789966,44.8146,234850.0
newton,0,newton_s0,216,14.292175,45.0273,234853.0
newton,0,newton_s0,217,14.260990,45.2402,234779.0
newton,0,newton_s0,218,14.079021,45.4549,232629.0
newton,0,newton_s0,219,14.375342,45.6660,236620.0
newton,0,newton_s0,220,14.273808,45.8724,242121.0
newton,0,newton_s0,221,14.214686,46.0771,244028.0
newton,0,newton_s0,222,13.656748,46.2866,238513.0
newton,0,newton_s0,223,12.744954,46.4984,235788.0
newton,0,newton_s0,224,13.351935,46.7055,241156.0
newton,0,newton_s0,225,14.157097,46.9142,239277.0
newton,0,newton_s0,226,13.421557,47.1213,241120.0
newton,0,newton_s0,227,14.054828,47.3277,242221.0
newton,0,newton_s0,228,13.922360,47.5378,237940.0
newton,0,newton_s0,229,14.528164,47.7469,239021.0
newton,0,newton_s0,230,15.904200,47.9542,241042.0
newton,0,newton_s0,231,14.668271,48.1661,235934.0
newton,0,newton_s0,232,14.364599,48.3757,238395.0
newton,0,newton_s0,233,13.946229,48.5828,240981.0
newton,0,newton_s0,234,14.572558,48.7901,241081.0
newton,0,newton_s0,235,14.638180,48.9942,244869.0
newton,0,newton_s0,236,15.733479,49.2019,240583.0
newton,0,newton_s0,237,15.259760,49.4077,242879.0
newton,0,newton_s0,238,15.035194,49.6163,239424.0
newton,0,newton_s0,239,14.558274,49.8253,239007.0
newton,0,newton_s0,240,14.310111,50.0333,240412.0
newton,0,newton_s0,241,14.201961,50.2393,242650.0
newton,0,newton_s0,242,14.570909,50.4481,239248.0
newton,0,newton_s0,243,15.929293,50.6617,233930.0
newton,0,newton_s0,244,16.697380,50.8711,238870.0
newton,0,newton_s0,245,15.445017,51.0843,241568.0
newton,0,newton_s0,246,15.662242,51.2954,237007.0
newton,0,newton_s0,247,16.241579,51.5027,240824.0
newton,0,newton_s0,248,15.464337,51.7114,239273.0
newton,0,newton_s0,249,14.889791,51.9200,239421.0
newton,0,newton_s0,250,15.943376,52.1243,244483.0
newton,0,newton_s0,251,15.497096,52.3307,244649.0
newton,0,newton_s0,252,14.934303,52.5396,239023.0
newton,0,newton_s0,253,14.930062,52.7501,237172.0
newton,0,newton_s0,254,15.418053,52.9603,237645.0
newton,0,newton_s0,255,16.727631,53.1720,235786.0
newton,0,newton_s0,256,17.137066,53.3825,237353.0
newton,0,newton_s0,257,17.589228,53.5948,235194.0
newton,0,newton_s0,258,16.187838,53.8056,236850.0
newton,0,newton_s0,259,16.538553,54.0173,235878.0
newton,0,newton_s0,260,17.712858,54.2302,234494.0
newton,0,newton_s0,261,17.837381,54.4361,242647.0
newton,0,newton_s0,262,17.889013,54.6398,245211.0
newton,0,newton_s0,263,17.337801,54.8473,241112.0
newton,0,newton_s0,264,16.970661,55.0557,239692.0
newton,0,newton_s0,265,17.525496,55.2631,240795.0
newton,0,newton_s0,266,17.195007,55.4695,242316.0
newton,0,newton_s0,267,16.929651,55.6792,238330.0
newton,0,newton_s0,268,17.205980,55.8839,244170.0
newton,0,newton_s0,269,17.092733,56.0982,240241.0
newton,0,newton_s0,270,17.563686,56.3078,238652.0
newton,0,newton_s0,271,18.415640,56.5110,245787.0
newton,0,newton_s0,272,19.242138,56.7223,236419.0
newton,0,newton_s0,273,18.931000,56.9316,238587.0
newton,0,newton_s0,274,18.936274,57.1401,240157.0
newton,0,newton_s0,275,19.698599,57.3479,240407.0
newton,0,newton_s0,276,20.195494,57.5531,243529.0
newton,0,newton_s0,277,19.650349,57.7577,244267.0
newton,0,newton_s0,278,19.407097,57.9644,241525.0
newton,0,newton_s0,279,19.271145,58.1691,244128.0
newton,0,newton_s0,280,18.540707,58.3767,240565.0
newton,0,newton_s0,281,19.200340,58.5860,238748.0
newton,0,newton_s0,282,19.230925,58.7879,247559.0
newton,0,newton_s0,283,18.733053,58.9972,238647.0
newton,0,newton_s0,284,19.170300,59.2050,240297.0
newton,0,newton_s0,285,19.245632,59.4158,237016.0
newton,0,newton_s0,286,19.978205,59.6204,244061.0
newton,0,newton_s0,287,20.718876,59.8293,238979.0
newton,0,newton_s0,288,20.601915,60.0402,237129.0
newton,0,newton_s0,289,21.054611,60.2453,243788.0
newton,0,newton_s0,290,22.042774,60.4543,238985.0
newton,0,newton_s0,291,21.431004,60.6585,244532.0
newton,0,newton_s0,292,20.674358,60.8662,240648.0
newton,0,newton_s0,293,20.624741,61.0706,244410.0
newton,0,newton_s0,294,21.464067,61.2829,235299.0
newton,0,newton_s0,295,21.268646,61.4917,239136.0
newton,0,newton_s0,296,21.485743,61.7034,236067.0
newton,0,newton_s0,297,21.841095,61.9153,235718.0
newton,0,newton_s0,298,21.724781,62.1244,238929.0
newton,0,newton_s0,299,22.566177,62.3349,237391.0
newton,1,newton_s1,0,-0.433078,0.0000,47428.0
newton,1,newton_s1,1,-0.883963,0.2078,244087.0
newton,1,newton_s1,2,-1.606079,0.4175,238518.0
newton,1,newton_s1,3,-2.467357,0.6310,241309.0
newton,1,newton_s1,4,-3.083599,0.8407,239549.0
newton,1,newton_s1,5,-3.724412,1.0520,236793.0
newton,1,newton_s1,6,-4.201725,1.2611,239266.0
newton,1,newton_s1,7,-4.464804,1.4676,242273.0
newton,1,newton_s1,8,-4.906338,1.6780,237758.0
newton,1,newton_s1,9,-5.199440,1.8840,242758.0
newton,1,newton_s1,10,-5.270927,2.0938,238480.0
newton,1,newton_s1,11,-5.550344,2.2978,245217.0
newton,1,newton_s1,12,-5.905566,2.5043,242352.0
newton,1,newton_s1,13,-6.283587,2.7091,244289.0
newton,1,newton_s1,14,-6.369113,2.9158,242046.0
newton,1,newton_s1,15,-6.138202,3.1221,242472.0
newton,1,newton_s1,16,-6.508177,3.3278,243939.0
newton,1,newton_s1,17,-6.294654,3.5371,238889.0
newton,1,newton_s1,18,-6.624984,3.7447,240979.0
newton,1,newton_s1,19,-6.920196,3.9539,239055.0
newton,1,newton_s1,20,-6.659164,4.1641,238085.0
newton,1,newton_s1,21,-6.361025,4.3750,237196.0
newton,1,newton_s1,22,-6.431386,4.5833,240186.0
newton,1,newton_s1,23,-6.866680,4.7917,240001.0
newton,1,newton_s1,24,-7.188509,5.0010,238865.0
newton,1,newton_s1,25,-7.598015,5.2091,240440.0
newton,1,newton_s1,26,-7.545069,5.4134,244790.0
newton,1,newton_s1,27,-7.310051,5.6189,243600.0
newton,1,newton_s1,28,-7.252498,5.8344,239052.0
newton,1,newton_s1,29,-7.015424,6.0470,235479.0
newton,1,newton_s1,30,-6.665468,6.2554,240133.0
newton,1,newton_s1,31,-6.965340,6.4632,240934.0
newton,1,newton_s1,32,-7.693313,6.6692,242834.0
newton,1,newton_s1,33,-6.802464,6.8753,242759.0
newton,1,newton_s1,34,-6.293093,7.0821,241953.0
newton,1,newton_s1,35,-6.899977,7.2937,236409.0
newton,1,newton_s1,36,-7.170277,7.5023,239741.0
newton,1,newton_s1,37,-7.195782,7.7083,242930.0
newton,1,newton_s1,38,-6.374486,7.9181,238451.0
newton,1,newton_s1,39,-6.075318,8.1279,238399.0
newton,1,newton_s1,40,-6.568535,8.3352,241345.0
newton,1,newton_s1,41,-6.250829,8.5396,244798.0
newton,1,newton_s1,42,-5.510621,8.7439,244961.0
newton,1,newton_s1,43,-4.734086,8.9520,240312.0
newton,1,newton_s1,44,-5.120526,9.1599,240735.0
newton,1,newton_s1,45,-3.746914,9.3667,242285.0
newton,1,newton_s1,46,-3.714304,9.5709,244762.0
newton,1,newton_s1,47,-3.514636,9.7803,238432.0
newton,1,newton_s1,48,-3.186590,9.9881,240383.0
newton,1,newton_s1,49,-2.636377,10.1934,243209.0
newton,1,newton_s1,50,-1.909777,10.3988,243127.0
newton,1,newton_s1,51,-1.911806,10.6064,243290.0
newton,1,newton_s1,52,-1.194644,10.8137,241039.0
newton,1,newton_s1,53,0.497752,11.0149,248371.0
newton,1,newton_s1,54,1.882916,11.2207,243201.0
newton,1,newton_s1,55,1.073575,11.4264,243335.0
newton,1,newton_s1,56,0.242008,11.6330,242137.0
newton,1,newton_s1,57,0.633521,11.8373,244927.0
newton,1,newton_s1,58,1.008456,12.0431,243140.0
newton,1,newton_s1,59,1.704738,12.2529,238420.0
newton,1,newton_s1,60,1.750856,12.4614,240167.0
newton,1,newton_s1,61,1.894574,12.6704,239314.0
newton,1,newton_s1,62,2.214227,12.8780,240866.0
newton,1,newton_s1,63,3.984673,13.0838,242893.0
newton,1,newton_s1,64,3.422606,13.2913,240851.0
newton,1,newton_s1,65,2.841763,13.4959,244285.0
newton,1,newton_s1,66,3.321538,13.7018,242781.0
newton,1,newton_s1,67,2.767973,13.9096,240552.0
newton,1,newton_s1,68,2.743411,14.1075,252665.0
newton,1,newton_s1,69,4.325468,14.3127,243579.0
newton,1,newton_s1,70,4.695852,14.5214,239470.0
newton,1,newton_s1,71,4.365196,14.7285,241247.0
newton,1,newton_s1,72,4.526339,14.9332,244130.0
newton,1,newton_s1,73,5.121804,15.1353,247353.0
newton,1,newton_s1,74,5.713173,15.3445,238991.0
newton,1,newton_s1,75,6.035893,15.5477,245769.0
newton,1,newton_s1,76,5.717716,15.7612,234065.0
newton,1,newton_s1,77,6.012112,15.9692,240347.0
newton,1,newton_s1,78,6.847070,16.1749,242888.0
newton,1,newton_s1,79,7.646373,16.3811,242424.0
newton,1,newton_s1,80,6.973732,16.5882,241161.0
newton,1,newton_s1,81,6.932131,16.7970,239259.0
newton,1,newton_s1,82,6.367789,17.0022,243392.0
newton,1,newton_s1,83,5.963413,17.2051,246134.0
newton,1,newton_s1,84,6.457637,17.4084,245896.0
newton,1,newton_s1,85,6.227773,17.6177,238895.0
newton,1,newton_s1,86,5.969509,17.8207,246443.0
newton,1,newton_s1,87,6.603147,18.0262,243146.0
newton,1,newton_s1,88,6.335347,18.2322,242464.0
newton,1,newton_s1,89,6.664014,18.4434,236648.0
newton,1,newton_s1,90,6.982007,18.6492,242740.0
newton,1,newton_s1,91,6.833499,18.8539,244227.0
newton,1,newton_s1,92,6.944896,19.0593,243332.0
newton,1,newton_s1,93,7.336272,19.2670,241097.0
newton,1,newton_s1,94,7.394489,19.4767,238554.0
newton,1,newton_s1,95,7.552393,19.6799,246267.0
newton,1,newton_s1,96,6.937775,19.8866,242228.0
newton,1,newton_s1,97,7.272913,20.0963,238487.0
newton,1,newton_s1,98,7.963786,20.3059,238611.0
newton,1,newton_s1,99,7.858840,20.5129,241798.0
newton,1,newton_s1,100,8.326577,20.7226,238459.0
newton,1,newton_s1,101,8.417791,20.9361,236764.0
newton,1,newton_s1,102,7.539747,21.1444,240162.0
newton,1,newton_s1,103,7.793435,21.3577,234657.0
newton,1,newton_s1,104,7.941667,21.5664,239750.0
newton,1,newton_s1,105,8.146722,21.7747,240140.0
newton,1,newton_s1,106,8.251225,21.9858,236934.0
newton,1,newton_s1,107,9.401796,22.1928,241697.0
newton,1,newton_s1,108,9.203020,22.3998,241611.0
newton,1,newton_s1,109,8.490876,22.6092,238970.0
newton,1,newton_s1,110,8.065125,22.8150,243099.0
newton,1,newton_s1,111,8.023170,23.0231,240371.0
newton,1,newton_s1,112,8.291663,23.2369,234040.0
newton,1,newton_s1,113,8.405118,23.4465,238744.0
newton,1,newton_s1,114,8.329565,23.6519,243639.0
newton,1,newton_s1,115,9.119220,23.8572,243551.0
newton,1,newton_s1,116,8.679132,24.0657,239948.0
newton,1,newton_s1,117,8.857362,24.2711,243508.0
newton,1,newton_s1,118,9.107115,24.4848,234066.0
newton,1,newton_s1,119,8.663609,24.6936,239639.0
newton,1,newton_s1,120,8.683129,24.9022,239957.0
newton,1,newton_s1,121,9.824761,25.1148,235053.0
newton,1,newton_s1,122,9.651755,25.3253,237461.0
newton,1,newton_s1,123,9.326911,25.5373,235895.0
newton,1,newton_s1,124,9.850947,25.7381,248812.0
newton,1,newton_s1,125,10.674259,25.9427,244088.0
newton,1,newton_s1,126,9.915895,26.1527,237802.0
newton,1,newton_s1,127,9.305624,26.3603,240685.0
newton,1,newton_s1,128,8.424442,26.5651,243814.0
newton,1,newton_s1,129,8.976541,26.7726,240666.0
newton,1,newton_s1,130,9.383329,26.9816,238929.0
newton,1,newton_s1,131,9.629319,27.1931,236080.0
newton,1,newton_s1,132,8.212160,27.4012,239993.0
newton,1,newton_s1,133,8.641261,27.6127,236172.0
newton,1,newton_s1,134,9.576526,27.8217,239001.0
newton,1,newton_s1,135,9.369254,28.0265,243797.0
newton,1,newton_s1,136,8.760533,28.2298,245670.0
newton,1,newton_s1,137,8.327969,28.4410,236515.0
newton,1,newton_s1,138,8.977928,28.6481,241028.0
newton,1,newton_s1,139,9.445774,28.8591,236756.0
newton,1,newton_s1,140,9.292931,29.0671,239959.0
newton,1,newton_s1,141,9.182545,29.2765,238555.0
newton,1,newton_s1,142,9.994496,29.4845,240102.0
newton,1,newton_s1,143,12.030030,29.6896,243603.0
newton,1,newton_s1,144,11.965633,29.8996,237810.0
newton,1,newton_s1,145,11.614303,30.1057,242335.0
newton,1,newton_s1,146,11.087914,30.3178,235277.0
newton,1,newton_s1,147,11.422893,30.5243,241965.0
newton,1,newton_s1,148,11.432905,30.7322,240271.0
newton,1,newton_s1,149,10.249866,30.9377,242988.0
newton,1,newton_s1,150,10.247674,31.1465,239069.0
newton,1,newton_s1,151,10.535732,31.3564,240493.0
newton,1,newton_s1,152,10.119477,31.5585,247125.0
newton,1,newton_s1,153,10.292932,31.7644,242619.0
newton,1,newton_s1,154,11.028951,31.9754,236638.0
newton,1,newton_s1,155,10.946963,32.1804,243582.0
newton,1,newton_s1,156,10.682914,32.3844,244773.0
newton,1,newton_s1,157,10.145473,32.5905,242243.0
newton,1,newton_s1,158,9.910969,32.7974,241296.0
newton,1,newton_s1,159,9.994617,33.0042,241518.0
newton,1,newton_s1,160,9.622849,33.2145,237409.0
newton,1,newton_s1,161,9.574151,33.4225,240282.0
newton,1,newton_s1,162,10.668425,33.6375,239419.0
newton,1,newton_s1,163,10.727614,33.8481,237451.0
newton,1,newton_s1,164,10.811225,34.0576,238315.0
newton,1,newton_s1,165,11.735847,34.2626,243580.0
newton,1,newton_s1,166,12.236872,34.4651,246704.0
newton,1,newton_s1,167,11.725484,34.6712,242221.0
newton,1,newton_s1,168,10.219122,34.8796,239679.0
newton,1,newton_s1,169,10.127053,35.0840,244490.0
newton,1,newton_s1,170,10.582050,35.2910,241267.0
newton,1,newton_s1,171,11.702398,35.4960,243641.0
newton,1,newton_s1,172,11.743667,35.7073,236242.0
newton,1,newton_s1,173,10.688746,35.9162,239072.0
newton,1,newton_s1,174,10.355754,36.1227,241862.0
newton,1,newton_s1,175,11.315154,36.3336,236698.0
newton,1,newton_s1,176,12.411994,36.5413,240479.0
newton,1,newton_s1,177,11.589540,36.7487,240871.0
newton,1,newton_s1,178,11.499292,36.9527,244790.0
newton,1,newton_s1,179,12.049252,37.1599,240971.0
newton,1,newton_s1,180,11.816791,37.3693,238519.0
newton,1,newton_s1,181,11.628012,37.5803,236743.0
newton,1,newton_s1,182,11.220829,37.7862,242523.0
newton,1,newton_s1,183,11.301147,37.9925,242083.0
newton,1,newton_s1,184,12.038100,38.2032,237045.0
newton,1,newton_s1,185,11.399755,38.4083,244061.0
newton,1,newton_s1,186,11.436255,38.6192,236699.0
newton,1,newton_s1,187,11.152695,38.8287,238477.0
newton,1,newton_s1,188,10.654553,39.0395,236881.0
newton,1,newton_s1,189,11.496543,39.2488,238494.0
newton,1,newton_s1,190,13.039446,39.4536,243995.0
newton,1,newton_s1,191,13.175085,39.6586,243646.0
newton,1,newton_s1,192,12.648873,39.8660,240925.0
newton,1,newton_s1,193,12.937175,40.0660,249740.0
newton,1,newton_s1,194,12.964324,40.2732,241106.0
newton,1,newton_s1,195,12.459413,40.4817,239514.0
newton,1,newton_s1,196,12.129216,40.6890,240819.0
newton,1,newton_s1,197,11.869476,40.8947,242862.0
newton,1,newton_s1,198,12.122382,41.0972,246696.0
newton,1,newton_s1,199,12.071406,41.3061,239017.0
newton,1,newton_s1,200,11.382192,41.5089,246344.0
newton,1,newton_s1,201,12.394759,41.7210,237816.0
newton,1,newton_s1,202,13.555779,41.9280,241108.0
newton,1,newton_s1,203,13.462653,42.1347,241945.0
newton,1,newton_s1,204,13.718164,42.3463,236208.0
newton,1,newton_s1,205,13.934834,42.5592,234691.0
newton,1,newton_s1,206,13.674290,42.7678,239375.0
newton,1,newton_s1,207,12.939640,42.9728,243628.0
newton,1,newton_s1,208,11.840549,43.1769,244650.0
newton,1,newton_s1,209,12.054038,43.3821,243945.0
newton,1,newton_s1,210,13.846456,43.5948,235295.0
newton,1,newton_s1,211,14.579080,43.8052,245097.0
newton,1,newton_s1,212,13.722538,44.0147,238872.0
newton,1,newton_s1,213,13.319511,44.2211,242268.0
newton,1,newton_s1,214,13.138535,44.4315,237565.0
newton,1,newton_s1,215,14.020310,44.6394,240205.0
newton,1,newton_s1,216,14.393492,44.8491,238108.0
newton,1,newton_s1,217,14.112140,45.0552,242414.0
newton,1,newton_s1,218,14.422688,45.2618,241671.0
newton,1,newton_s1,219,14.951666,45.4705,239450.0
newton,1,newton_s1,220,14.883154,45.6738,245928.0
newton,1,newton_s1,221,14.172952,45.8805,241669.0
newton,1,newton_s1,222,13.952156,46.0894,239121.0
newton,1,newton_s1,223,14.520782,46.2977,239774.0
newton,1,newton_s1,224,14.463678,46.4980,249399.0
newton,1,newton_s1,225,14.634268,46.7032,243546.0
newton,1,newton_s1,226,14.298553,46.9104,241027.0
newton,1,newton_s1,227,14.652373,47.1169,241806.0
newton,1,newton_s1,228,15.391127,47.3262,238688.0
newton,1,newton_s1,229,15.610613,47.5301,244985.0
newton,1,newton_s1,230,15.371502,47.7360,242707.0
newton,1,newton_s1,231,14.724247,47.9457,238134.0
newton,1,newton_s1,232,14.598023,48.1507,243749.0
newton,1,newton_s1,233,15.024959,48.3556,243711.0
newton,1,newton_s1,234,15.445807,48.5607,243557.0
newton,1,newton_s1,235,14.983835,48.7602,250605.0
newton,1,newton_s1,236,15.089298,48.9729,242601.0
newton,1,newton_s1,237,16.071913,49.1775,244171.0
newton,1,newton_s1,238,16.555101,49.3854,240200.0
newton,1,newton_s1,239,16.841845,49.5902,244008.0
newton,1,newton_s1,240,15.887535,49.7975,240995.0
newton,1,newton_s1,241,15.209124,50.0059,239579.0
newton,1,newton_s1,242,15.000711,50.2110,243552.0
newton,1,newton_s1,243,15.238656,50.4246,233895.0
newton,1,newton_s1,244,16.318106,50.6330,239815.0
newton,1,newton_s1,245,17.292358,50.8422,238763.0
newton,1,newton_s1,246,16.429579,51.0551,234640.0
newton,1,newton_s1,247,14.909886,51.2659,237033.0
newton,1,newton_s1,248,15.724401,51.4766,237237.0
newton,1,newton_s1,249,15.826246,51.6798,246042.0
newton,1,newton_s1,250,15.190493,51.8857,242623.0
newton,1,newton_s1,251,15.733929,52.0982,237620.0
newton,1,newton_s1,252,16.705929,52.3066,239754.0
newton,1,newton_s1,253,16.966879,52.5148,240400.0
newton,1,newton_s1,254,16.808676,52.7237,239466.0
newton,1,newton_s1,255,15.883563,52.9334,238550.0
newton,1,newton_s1,256,16.542675,53.1453,235967.0
newton,1,newton_s1,257,16.955341,53.3525,241357.0
newton,1,newton_s1,258,17.185192,53.5666,233640.0
newton,1,newton_s1,259,17.403881,53.7767,238080.0
newton,1,newton_s1,260,17.361124,53.9858,239129.0
newton,1,newton_s1,261,17.849068,54.1918,242815.0
newton,1,newton_s1,262,18.187828,54.4077,237241.0
newton,1,newton_s1,263,18.491665,54.6156,240640.0
newton,1,newton_s1,264,18.574709,54.8283,235191.0
newton,1,newton_s1,265,18.707359,55.0363,240516.0
newton,1,newton_s1,266,18.081987,55.2427,242348.0
newton,1,newton_s1,267,18.697344,55.4531,237835.0
newton,1,newton_s1,268,18.498365,55.6629,238470.0
newton,1,newton_s1,269,18.145332,55.8733,237602.0
newton,1,newton_s1,270,18.015562,56.0800,241669.0
newton,1,newton_s1,271,17.501438,56.2907,237213.0
newton,1,newton_s1,272,18.732182,56.4982,240837.0
newton,1,newton_s1,273,19.359829,56.7067,239706.0
newton,1,newton_s1,274,19.066727,56.9127,242723.0
newton,1,newton_s1,275,18.740751,57.1202,240911.0
newton,1,newton_s1,276,20.088766,57.3261,242514.0
newton,1,newton_s1,277,19.334232,57.5282,247650.0
newton,1,newton_s1,278,19.627186,57.7373,238942.0
newton,1,newton_s1,279,19.897762,57.9522,239675.0
newton,1,newton_s1,280,20.117100,58.1585,242809.0
newton,1,newton_s1,281,20.151913,58.3628,244691.0
newton,1,newton_s1,282,20.275770,58.5724,238519.0
newton,1,newton_s1,283,20.622099,58.7797,241129.0
newton,1,newton_s1,284,19.977549,58.9872,240689.0
newton,1,newton_s1,285,20.522606,59.1972,237975.0
newton,1,newton_s1,286,20.975161,59.4051,240158.0
newton,1,newton_s1,287,21.044230,59.6121,241385.0
newton,1,newton_s1,288,20.697165,59.8191,241269.0
newton,1,newton_s1,289,20.896980,60.0313,235596.0
newton,1,newton_s1,290,21.505699,60.2356,244629.0
newton,1,newton_s1,291,21.210230,60.4375,247634.0
newton,1,newton_s1,292,21.917446,60.6419,244521.0
newton,1,newton_s1,293,22.157339,60.8502,239890.0
newton,1,newton_s1,294,22.285456,61.0538,245304.0
newton,1,newton_s1,295,22.460497,61.2601,242000.0
newton,1,newton_s1,296,22.712343,61.4649,243979.0
newton,1,newton_s1,297,22.817242,61.6770,235494.0
newton,1,newton_s1,298,22.442572,61.8884,236096.0
newton,1,newton_s1,299,22.256670,62.0931,244173.0
newton,2,newton_s2,0,-0.538601,0.0000,47610.0
newton,2,newton_s2,1,-0.986178,0.2104,241252.0
newton,2,newton_s2,2,-1.698713,0.4182,240886.0
newton,2,newton_s2,3,-2.285716,0.6264,239841.0
newton,2,newton_s2,4,-3.366985,0.8372,236876.0
newton,2,newton_s2,5,-4.123258,1.0433,242282.0
newton,2,newton_s2,6,-4.898606,1.2532,237996.0
newton,2,newton_s2,7,-5.511179,1.4623,238793.0
newton,2,newton_s2,8,-5.701439,1.6690,241897.0
newton,2,newton_s2,9,-5.919318,1.8778,239329.0
newton,2,newton_s2,10,-6.176851,2.0834,242804.0
newton,2,newton_s2,11,-6.276388,2.2914,240399.0
newton,2,newton_s2,12,-6.082123,2.5016,237636.0
newton,2,newton_s2,13,-6.167496,2.7078,242166.0
newton,2,newton_s2,14,-6.252993,2.9128,243790.0
newton,2,newton_s2,15,-6.445560,3.1189,242207.0
newton,2,newton_s2,16,-6.744928,3.3211,247046.0
newton,2,newton_s2,17,-6.819240,3.5241,246210.0
newton,2,newton_s2,18,-6.997845,3.7312,241494.0
newton,2,newton_s2,19,-6.965417,3.9346,245634.0
newton,2,newton_s2,20,-7.022302,4.1378,246140.0
newton,2,newton_s2,21,-6.914620,4.3428,243991.0
newton,2,newton_s2,22,-7.169369,4.5528,237816.0
newton,2,newton_s2,23,-7.761661,4.7619,239361.0
newton,2,newton_s2,24,-7.869456,4.9660,244820.0
newton,2,newton_s2,25,-7.630535,5.1716,242842.0
newton,2,newton_s2,26,-8.192217,5.3798,239988.0
newton,2,newton_s2,27,-8.269017,5.5837,244879.0
newton,2,newton_s2,28,-7.811647,5.7931,238552.0
newton,2,newton_s2,29,-7.941788,6.0025,238531.0
newton,2,newton_s2,30,-8.214495,6.2153,235140.0
newton,2,newton_s2,31,-8.387613,6.4296,233374.0
newton,2,newton_s2,32,-8.122177,6.6398,237857.0
newton,2,newton_s2,33,-7.230623,6.8498,237879.0
newton,2,newton_s2,34,-6.713303,7.0574,240613.0
newton,2,newton_s2,35,-7.415122,7.2659,239454.0
newton,2,newton_s2,36,-7.799613,7.4746,239391.0
newton,2,newton_s2,37,-8.331199,7.6827,239990.0
newton,2,newton_s2,38,-7.761708,7.8918,238981.0
newton,2,newton_s2,39,-7.485254,8.0959,244784.0
newton,2,newton_s2,40,-8.327415,8.2999,244869.0
newton,2,newton_s2,41,-7.878934,8.5038,245043.0
newton,2,newton_s2,42,-8.328856,8.7059,247173.0
newton,2,newton_s2,43,-7.967193,8.9142,239933.0
newton,2,newton_s2,44,-6.584958,9.1197,243251.0
newton,2,newton_s2,45,-4.926007,9.3288,239120.0
newton,2,newton_s2,46,-4.612031,9.5378,239257.0
newton,2,newton_s2,47,-3.595323,9.7438,242544.0
newton,2,newton_s2,48,-3.984014,9.9548,236748.0
newton,2,newton_s2,49,-4.151887,10.1625,240488.0
newton,2,newton_s2,50,-3.141762,10.3686,242329.0
newton,2,newton_s2,51,-3.433124,10.5763,243179.0
newton,2,newton_s2,52,-1.790188,10.7818,243070.0
newton,2,newton_s2,53,-0.348062,10.9900,239906.0
newton,2,newton_s2,54,-0.132075,11.1926,246649.0
newton,2,newton_s2,55,-0.377624,11.3974,243851.0
newton,2,newton_s2,56,-0.582321,11.6014,244839.0
newton,2,newton_s2,57,-0.584630,11.8068,243041.0
newton,2,newton_s2,58,0.614875,12.0077,248717.0
newton,2,newton_s2,59,0.467345,12.2058,252096.0
newton,2,newton_s2,60,0.715824,12.4102,244455.0
newton,2,newton_s2,61,0.800367,12.6147,244261.0
newton,2,newton_s2,62,2.529675,12.8207,242465.0
newton,2,newton_s2,63,3.503412,13.0247,244836.0
newton,2,newton_s2,64,3.152524,13.2298,243571.0
newton,2,newton_s2,65,3.497920,13.4383,239519.0
newton,2,newton_s2,66,3.476070,13.6392,248605.0
newton,2,newton_s2,67,2.907235,13.8452,242537.0
newton,2,newton_s2,68,3.241786,14.0507,243025.0
newton,2,newton_s2,69,3.941644,14.2549,244654.0
newton,2,newton_s2,70,4.482774,14.4558,248533.0
newton,2,newton_s2,71,4.898873,14.6649,238979.0
newton,2,newton_s2,72,4.176858,14.8704,242982.0
newton,2,newton_s2,73,4.637619,15.0790,239476.0
newton,2,newton_s2,74,4.884517,15.2888,238072.0
newton,2,newton_s2,75,5.091323,15.4958,241307.0
newton,2,newton_s2,76,4.935132,15.7027,241548.0
newton,2,newton_s2,77,5.011812,15.9118,238858.0
newton,2,newton_s2,78,4.851399,16.1214,238223.0
newton,2,newton_s2,79,4.477396,16.3276,242162.0
newton,2,newton_s2,80,5.469024,16.5378,237632.0
newton,2,newton_s2,81,5.939349,16.7407,246209.0
newton,2,newton_s2,82,5.317734,16.9466,242516.0
newton,2,newton_s2,83,5.970845,17.1473,248956.0
newton,2,newton_s2,84,6.660235,17.3538,242380.0
newton,2,newton_s2,85,6.393189,17.5604,242080.0
newton,2,newton_s2,86,5.026644,17.7670,242107.0
newton,2,newton_s2,87,5.658456,17.9764,238847.0
newton,2,newton_s2,88,5.563392,18.1834,241846.0
newton,2,newton_s2,89,6.420694,18.3925,239245.0
newton,2,newton_s2,90,6.247444,18.6010,239860.0
newton,2,newton_s2,91,5.947631,18.8099,239969.0
newton,2,newton_s2,92,5.947017,19.0133,245993.0
newton,2,newton_s2,93,5.967946,19.2202,241895.0
newton,2,newton_s2,94,6.303097,19.4261,243497.0
newton,2,newton_s2,95,6.445004,19.6313,243992.0
newton,2,newton_s2,96,6.783286,19.8361,244372.0
newton,2,newton_s2,97,7.571411,20.0392,245865.0
newton,2,newton_s2,98,7.407948,20.2467,240578.0
newton,2,newton_s2,99,7.249438,20.4515,243846.0
newton,2,newton_s2,100,7.413528,20.6485,253622.0
newton,2,newton_s2,101,7.535559,20.8527,247307.0
newton,2,newton_s2,102,7.834445,21.0595,241499.0
newton,2,newton_s2,103,8.337515,21.2652,242845.0
newton,2,newton_s2,104,8.347329,21.4699,243920.0
newton,2,newton_s2,105,8.126796,21.6779,240145.0
newton,2,newton_s2,106,8.268817,21.8832,243186.0
newton,2,newton_s2,107,7.686803,22.0892,242444.0
newton,2,newton_s2,108,7.805855,22.2962,241282.0
newton,2,newton_s2,109,8.674715,22.5062,237807.0
newton,2,newton_s2,110,8.929786,22.7125,242175.0
newton,2,newton_s2,111,8.966263,22.9158,245734.0
newton,2,newton_s2,112,7.960660,23.1248,238964.0
newton,2,newton_s2,113,8.164049,23.3299,243547.0
newton,2,newton_s2,114,8.457732,23.5394,238401.0
newton,2,newton_s2,115,9.266972,23.7500,237124.0
newton,2,newton_s2,116,8.048826,23.9603,237403.0
newton,2,newton_s2,117,8.055636,24.1699,238263.0
newton,2,newton_s2,118,9.354236,24.3770,241094.0
newton,2,newton_s2,119,9.577352,24.5853,239693.0
newton,2,newton_s2,120,8.268743,24.7939,239491.0
newton,2,newton_s2,121,8.843341,25.0049,236585.0
newton,2,newton_s2,122,9.121682,25.2149,237727.0
newton,2,newton_s2,123,9.507077,25.4196,244008.0
newton,2,newton_s2,124,9.148175,25.6237,244759.0
newton,2,newton_s2,125,8.982324,25.8261,246840.0
newton,2,newton_s2,126,8.621079,26.0305,244258.0
newton,2,newton_s2,127,8.217714,26.2377,241145.0
newton,2,newton_s2,128,8.505549,26.4482,237298.0
newton,2,newton_s2,129,8.971690,26.6612,234249.0
newton,2,newton_s2,130,8.000740,26.8673,242412.0
newton,2,newton_s2,131,8.503264,27.0767,238448.0
newton,2,newton_s2,132,9.487661,27.2882,236348.0
newton,2,newton_s2,133,9.347966,27.4963,240189.0
newton,2,newton_s2,134,10.142958,27.7032,241418.0
newton,2,newton_s2,135,10.575060,27.9088,242870.0
newton,2,newton_s2,136,9.770318,28.1181,238730.0
newton,2,newton_s2,137,9.261094,28.3236,243081.0
newton,2,newton_s2,138,9.721570,28.5301,241923.0
newton,2,newton_s2,139,10.374524,28.7322,247139.0
newton,2,newton_s2,140,9.226003,28.9377,243131.0
newton,2,newton_s2,141,9.248065,29.1418,244648.0
newton,2,newton_s2,142,9.972038,29.3404,251553.0
newton,2,newton_s2,143,9.889415,29.5457,243361.0
newton,2,newton_s2,144,9.335400,29.7504,243949.0
newton,2,newton_s2,145,9.813190,29.9602,238031.0
newton,2,newton_s2,146,9.716966,30.1651,243657.0
newton,2,newton_s2,147,9.523611,30.3716,241909.0
newton,2,newton_s2,148,9.380149,30.5795,240202.0
newton,2,newton_s2,149,10.010716,30.7835,244712.0
newton,2,newton_s2,150,11.021988,30.9873,245173.0
newton,2,newton_s2,151,11.625081,31.1977,239963.0
newton,2,newton_s2,152,12.052378,31.4025,243858.0
newton,2,newton_s2,153,11.740670,31.6037,248216.0
newton,2,newton_s2,154,10.604957,31.8117,240047.0
newton,2,newton_s2,155,9.990539,32.0189,241082.0
newton,2,newton_s2,156,10.464076,32.2311,235289.0
newton,2,newton_s2,157,11.165322,32.4419,236871.0
newton,2,newton_s2,158,11.154450,32.6518,237891.0
newton,2,newton_s2,159,11.027345,32.8584,241733.0
newton,2,newton_s2,160,11.033923,33.0661,240443.0
newton,2,newton_s2,161,11.554820,33.2737,240550.0
newton,2,newton_s2,162,11.517022,33.4838,237612.0
newton,2,newton_s2,163,11.746138,33.6927,238994.0
newton,2,newton_s2,164,12.529502,33.9002,240672.0
newton,2,newton_s2,165,12.522458,34.1059,242732.0
newton,2,newton_s2,166,11.348462,34.3107,243904.0
newton,2,newton_s2,167,11.241768,34.5118,248397.0
newton,2,newton_s2,168,12.229702,34.7201,239795.0
newton,2,newton_s2,169,12.165595,34.9264,242048.0
newton,2,newton_s2,170,11.034632,35.1369,237185.0
newton,2,newton_s2,171,11.423485,35.3467,237972.0
newton,2,newton_s2,172,11.992114,35.5547,240115.0
newton,2,newton_s2,173,11.870549,35.7653,237136.0
newton,2,newton_s2,174,11.032130,35.9720,241664.0
newton,2,newton_s2,175,10.801171,36.1777,242765.0
newton,2,newton_s2,176,11.511598,36.3849,241082.0
newton,2,newton_s2,177,10.116302,36.5952,237758.0
newton,2,newton_s2,178,10.869187,36.8028,240642.0
newton,2,newton_s2,179,12.098118,37.0061,245710.0
newton,2,newton_s2,180,11.476173,37.2133,240956.0
newton,2,newton_s2,181,11.142439,37.4174,244699.0
newton,2,newton_s2,182,12.052087,37.6291,236179.0
newton,2,newton_s2,183,12.702320,37.8317,246905.0
newton,2,newton_s2,184,12.392592,38.0302,251750.0
newton,2,newton_s2,185,11.003244,38.2368,241767.0
newton,2,newton_s2,186,10.395999,38.4459,238794.0
newton,2,newton_s2,187,11.212425,38.6558,238112.0
newton,2,newton_s2,188,12.363951,38.8634,240530.0
newton,2,newton_s2,189,13.224814,39.0709,240631.0
newton,2,newton_s2,190,12.731718,39.2798,238984.0
newton,2,newton_s2,191,12.111889,39.4873,248450.0
newton,2,newton_s2,192,11.660532,39.6996,235425.0
newton,2,newton_s2,193,12.025255,39.9074,240316.0
newton,2,newton_s2,194,11.788453,40.1118,244302.0
newton,2,newton_s2,195,11.556147,40.3134,247748.0
newton,2,newton_s2,196,11.732841,40.5229,238319.0
newton,2,newton_s2,197,13.684326,40.7282,243341.0
newton,2,newton_s2,198,13.647624,40.9381,237977.0
newton,2,newton_s2,199,12.499762,41.1495,236202.0
newton,2,newton_s2,200,13.241576,41.3586,238759.0
newton,2,newton_s2,201,13.772273,41.5676,241442.0
newton,2,newton_s2,202,13.835958,41.7808,234258.0
newton,2,newton_s2,203,12.864474,41.9888,240156.0
newton,2,newton_s2,204,12.685954,42.1954,241925.0
newton,2,newton_s2,205,12.817626,42.4079,234959.0
newton,2,newton_s2,206,13.154736,42.6171,238925.0
newton,2,newton_s2,207,13.526250,42.8244,241067.0
newton,2,newton_s2,208,13.434340,43.0274,245988.0
newton,2,newton_s2,209,12.576841,43.2309,245372.0
newton,2,newton_s2,210,13.456715,43.4392,239772.0
newton,2,newton_s2,211,13.199739,43.6474,239723.0
newton,2,newton_s2,212,13.006755,43.8585,236620.0
newton,2,newton_s2,213,14.271443,44.0675,238862.0
newton,2,newton_s2,214,14.061164,44.2778,237453.0
newton,2,newton_s2,215,12.672347,44.4937,238397.0
newton,2,newton_s2,216,12.506927,44.7048,236922.0
newton,2,newton_s2,217,12.889306,44.9136,239197.0
newton,2,newton_s2,218,12.685132,45.1231,238226.0
newton,2,newton_s2,219,12.928280,45.3319,239175.0
newton,2,newton_s2,220,13.121265,45.5388,241390.0
newton,2,newton_s2,221,13.206520,45.7434,244108.0
newton,2,newton_s2,222,13.087947,45.9469,245437.0
newton,2,newton_s2,223,13.179494,46.1548,240206.0
newton,2,newton_s2,224,13.262527,46.3625,240476.0
newton,2,newton_s2,225,12.726500,46.5647,247055.0
newton,2,newton_s2,226,12.910272,46.7685,245044.0
newton,2,newton_s2,227,13.348695,46.9868,228595.0
newton,2,newton_s2,228,13.060524,47.2014,232581.0
newton,2,newton_s2,229,14.320091,47.4084,241300.0
newton,2,newton_s2,230,13.786082,47.6259,229555.0
newton,2,newton_s2,231,13.311454,47.8359,237749.0
newton,2,newton_s2,232,14.577707,48.0487,234500.0
newton,2,newton_s2,233,15.219168,48.2617,234353.0
newton,2,newton_s2,234,14.835041,48.4785,230280.0
newton,2,newton_s2,235,14.196276,48.6855,241252.0
newton,2,newton_s2,236,14.098120,48.8915,242430.0
newton,2,newton_s2,237,14.406860,49.1056,233255.0
newton,2,newton_s2,238,15.140326,49.3137,239922.0
newton,2,newton_s2,239,14.866338,49.5237,237819.0
newton,2,newton_s2,240,15.402989,49.7339,237634.0
newton,2,newton_s2,241,16.337097,49.9467,234567.0
newton,2,newton_s2,242,15.901438,50.1566,237907.0
newton,2,newton_s2,243,15.459942,50.3641,240591.0
newton,2,newton_s2,244,15.064315,50.5729,239243.0
newton,2,newton_s2,245,15.188745,50.7817,239057.0
newton,2,newton_s2,246,15.305610,50.9938,235429.0
newton,2,newton_s2,247,15.305825,51.2033,238295.0
newton,2,newton_s2,248,15.095732,51.4122,239159.0
newton,2,newton_s2,249,14.934152,51.6174,243286.0
newton,2,newton_s2,250,15.384088,51.8241,241592.0
newton,2,newton_s2,251,14.797532,52.0348,239452.0
newton,2,newton_s2,252,14.790457,52.2436,239090.0
newton,2,newton_s2,253,15.599493,52.4521,239625.0
newton,2,newton_s2,254,17.152424,52.6639,235673.0
newton,2,newton_s2,255,15.779943,52.8725,239422.0
newton,2,newton_s2,256,16.037395,53.0827,237558.0
newton,2,newton_s2,257,16.100996,53.2928,237674.0
newton,2,newton_s2,258,16.879053,53.5026,237949.0
newton,2,newton_s2,259,17.013935,53.7165,233393.0
newton,2,newton_s2,260,15.297907,53.9279,236234.0
newton,2,newton_s2,261,16.487625,54.1380,237948.0
newton,2,newton_s2,262,16.787136,54.3442,242209.0
newton,2,newton_s2,263,17.480089,54.5589,240782.0
newton,2,newton_s2,264,18.319401,54.7648,242593.0
newton,2,newton_s2,265,18.131006,54.9738,238953.0
newton,2,newton_s2,266,17.710701,55.1809,241140.0
newton,2,newton_s2,267,17.311041,55.3798,250979.0
newton,2,newton_s2,268,17.376905,55.5876,240798.0
newton,2,newton_s2,269,17.598091,55.7963,239304.0
newton,2,newton_s2,270,18.029957,56.0047,239632.0
newton,2,newton_s2,271,18.002401,56.2126,240214.0
newton,2,newton_s2,272,17.524946,56.4213,239465.0
newton,2,newton_s2,273,17.016012,56.6294,240161.0
newton,2,newton_s2,274,17.989422,56.8348,243230.0
newton,2,newton_s2,275,18.073755,57.0428,240144.0
newton,2,newton_s2,276,19.073101,57.2556,234810.0
newton,2,newton_s2,277,18.536924,57.4629,241080.0
newton,2,newton_s2,278,18.703384,57.6657,246764.0
newton,2,newton_s2,279,19.458422,57.8732,240708.0
newton,2,newton_s2,280,19.386005,58.0793,242658.0
newton,2,newton_s2,281,18.851692,58.2963,230129.0
newton,2,newton_s2,282,19.192675,58.5103,233442.0
newton,2,newton_s2,283,18.775593,58.7198,238573.0
newton,2,newton_s2,284,18.903311,58.9310,236508.0
newton,2,newton_s2,285,18.706024,59.1429,235830.0
newton,2,newton_s2,286,19.071093,59.3546,236063.0
newton,2,newton_s2,287,19.400652,59.5669,235307.0
newton,2,newton_s2,288,19.971592,59.7792,235488.0
newton,2,newton_s2,289,20.262154,59.9873,240159.0
newton,2,newton_s2,290,20.169241,60.1950,241223.0
newton,2,newton_s2,291,20.268898,60.4037,239484.0
newton,2,newton_s2,292,20.528927,60.6089,243841.0
newton,2,newton_s2,293,21.015770,60.8210,235737.0
newton,2,newton_s2,294,20.295057,61.0254,244748.0
newton,2,newton_s2,295,20.444504,61.2383,234553.0
newton,2,newton_s2,296,20.431568,61.4467,239867.0
newton,2,newton_s2,297,21.508854,61.6529,242171.0
newton,2,newton_s2,298,20.925888,61.8654,235338.0
newton,2,newton_s2,299,21.020153,62.0772,235816.0
newton,3,newton_s3,0,-0.562994,0.0000,47434.0
newton,3,newton_s3,1,-0.986198,0.2117,239625.0
newton,3,newton_s3,2,-1.665610,0.4178,242360.0
newton,3,newton_s3,3,-2.876651,0.6272,238468.0
newton,3,newton_s3,4,-4.002119,0.8340,241558.0
newton,3,newton_s3,5,-4.508472,1.0436,238184.0
newton,3,newton_s3,6,-4.686292,1.2609,230196.0
newton,3,newton_s3,7,-5.035946,1.4726,235942.0
newton,3,newton_s3,8,-5.327113,1.6818,238785.0
newton,3,newton_s3,9,-5.611946,1.8894,240537.0
newton,3,newton_s3,10,-5.887094,2.0984,238903.0
newton,3,newton_s3,11,-6.076069,2.3037,243229.0
newton,3,newton_s3,12,-6.275569,2.5166,242407.0
newton,3,newton_s3,13,-6.627350,2.7255,239188.0
newton,3,newton_s3,14,-6.531446,2.9301,244079.0
newton,3,newton_s3,15,-6.741344,3.1336,245428.0
newton,3,newton_s3,16,-6.902050,3.3409,241021.0
newton,3,newton_s3,17,-6.981864,3.5458,243812.0
newton,3,newton_s3,18,-6.809395,3.7457,250000.0
newton,3,newton_s3,19,-6.886909,3.9480,246840.0
newton,3,newton_s3,20,-7.089027,4.1423,257162.0
newton,3,newton_s3,21,-7.303730,4.3484,242375.0
newton,3,newton_s3,22,-7.379214,4.5496,248095.0
newton,3,newton_s3,23,-7.881738,4.7498,249536.0
newton,3,newton_s3,24,-8.126281,4.9506,248743.0
newton,3,newton_s3,25,-7.910113,5.1579,240990.0
newton,3,newton_s3,26,-7.509337,5.3610,246008.0
newton,3,newton_s3,27,-7.212036,5.5640,246082.0
newton,3,newton_s3,28,-7.322359,5.7687,243980.0
newton,3,newton_s3,29,-7.765448,5.9747,242640.0
newton,3,newton_s3,30,-8.110106,6.1798,243874.0
newton,3,newton_s3,31,-8.602300,6.3870,241340.0
newton,3,newton_s3,32,-8.404857,6.5958,239311.0
newton,3,newton_s3,33,-8.111138,6.8025,241874.0
newton,3,newton_s3,34,-7.932051,7.0084,242689.0
newton,3,newton_s3,35,-7.235591,7.2194,236902.0
newton,3,newton_s3,36,-6.800874,7.4261,241888.0
newton,3,newton_s3,37,-6.318851,7.6379,244018.0
newton,3,newton_s3,38,-6.176408,7.8436,242785.0
newton,3,newton_s3,39,-6.654276,8.0518,239940.0
newton,3,newton_s3,40,-7.294623,8.2551,245689.0
newton,3,newton_s3,41,-7.414135,8.4627,240548.0
newton,3,newton_s3,42,-7.262264,8.6698,241130.0
newton,3,newton_s3,43,-6.020780,8.8741,244559.0
newton,3,newton_s3,44,-5.175249,9.0816,240619.0
newton,3,newton_s3,45,-4.841419,9.2897,240013.0
newton,3,newton_s3,46,-3.884611,9.4974,240704.0
newton,3,newton_s3,47,-4.076252,9.7117,233351.0
newton,3,newton_s3,48,-2.873994,9.9231,236389.0
newton,3,newton_s3,49,-2.059396,10.1353,235360.0
newton,3,newton_s3,50,-1.387429,10.3443,239051.0
newton,3,newton_s3,51,-0.676550,10.5593,234877.0
newton,3,newton_s3,52,-0.989244,10.7707,236331.0
newton,3,newton_s3,53,-1.104425,10.9800,238708.0
newton,3,newton_s3,54,-1.429439,11.1917,235976.0
newton,3,newton_s3,55,-0.924184,11.4001,239848.0
newton,3,newton_s3,56,-0.298619,11.6050,244019.0
newton,3,newton_s3,57,0.606537,11.8140,239286.0
newton,3,newton_s3,58,0.849963,12.0200,242440.0
newton,3,newton_s3,59,0.995206,12.2312,236309.0
newton,3,newton_s3,60,1.728969,12.4390,240351.0
newton,3,newton_s3,61,2.711403,12.6495,244683.0
newton,3,newton_s3,62,2.766730,12.8513,247689.0
newton,3,newton_s3,63,2.672384,13.0571,242639.0
newton,3,newton_s3,64,2.778421,13.2640,241251.0
newton,3,newton_s3,65,3.344238,13.4650,248734.0
newton,3,newton_s3,66,3.556489,13.6737,239389.0
newton,3,newton_s3,67,3.504019,13.8813,240566.0
newton,3,newton_s3,68,4.692263,14.0911,238022.0
newton,3,newton_s3,69,4.345989,14.2991,240057.0
newton,3,newton_s3,70,4.390946,14.5045,243245.0
newton,3,newton_s3,71,4.078836,14.7125,240304.0
newton,3,newton_s3,72,3.526050,14.9190,241935.0
newton,3,newton_s3,73,4.904593,15.1265,240643.0
newton,3,newton_s3,74,5.024113,15.3415,232297.0
newton,3,newton_s3,75,3.777886,15.5508,239079.0
newton,3,newton_s3,76,5.474956,15.7572,242338.0
newton,3,newton_s3,77,6.576716,15.9636,242399.0
newton,3,newton_s3,78,6.975212,16.1721,239892.0
newton,3,newton_s3,79,6.066918,16.3766,244612.0
newton,3,newton_s3,80,6.440321,16.5834,241983.0
newton,3,newton_s3,81,6.320705,16.7886,243739.0
newton,3,newton_s3,82,6.574689,16.9983,238404.0
newton,3,newton_s3,83,6.500597,17.2031,244302.0
newton,3,newton_s3,84,5.662034,17.4138,237493.0
newton,3,newton_s3,85,6.565215,17.6192,243537.0
newton,3,newton_s3,86,6.032129,17.8286,238816.0
newton,3,newton_s3,87,6.651899,18.0353,241958.0
newton,3,newton_s3,88,7.359265,18.2399,244508.0
newton,3,newton_s3,89,7.587888,18.4514,236859.0
newton,3,newton_s3,90,7.373038,18.6610,238432.0
newton,3,newton_s3,91,7.652718,18.8710,238109.0
newton,3,newton_s3,92,8.132411,19.0797,239529.0
newton,3,newton_s3,93,7.178885,19.2874,240572.0
newton,3,newton_s3,94,6.672501,19.4945,241543.0
newton,3,newton_s3,95,7.612161,19.6993,244012.0
newton,3,newton_s3,96,8.023407,19.9077,240087.0
newton,3,newton_s3,97,6.881874,20.1155,240503.0
newton,3,newton_s3,98,6.648617,20.3209,243450.0
newton,3,newton_s3,99,6.611792,20.5282,241297.0
newton,3,newton_s3,100,7.229958,20.7345,242165.0
newton,3,newton_s3,101,7.811667,20.9374,249138.0
newton,3,newton_s3,102,7.268566,21.1444,241605.0
newton,3,newton_s3,103,7.635537,21.3441,250388.0
newton,3,newton_s3,104,7.596262,21.5473,246099.0
newton,3,newton_s3,105,8.830645,21.7487,248084.0
newton,3,newton_s3,106,8.430378,21.9551,241903.0
newton,3,newton_s3,107,8.744236,22.1535,251951.0
newton,3,newton_s3,108,8.345406,22.3593,242653.0
newton,3,newton_s3,109,8.517445,22.5668,240587.0
newton,3,newton_s3,110,8.031360,22.7697,246265.0
newton,3,newton_s3,111,8.084653,22.9741,244286.0
newton,3,newton_s3,112,8.921428,23.1799,242672.0
newton,3,newton_s3,113,8.550317,23.3838,245344.0
newton,3,newton_s3,114,8.443012,23.5906,241967.0
newton,3,newton_s3,115,8.251062,23.7988,240069.0
newton,3,newton_s3,116,9.177810,24.0074,239635.0
newton,3,newton_s3,117,9.445077,24.2169,238691.0
newton,3,newton_s3,118,8.449191,24.4238,241585.0
newton,3,newton_s3,119,8.669570,24.6320,239991.0
newton,3,newton_s3,120,9.680746,24.8409,239314.0
newton,3,newton_s3,121,9.526149,25.0438,246293.0
newton,3,newton_s3,122,9.080661,25.2540,237706.0
newton,3,newton_s3,123,9.430253,25.4612,241075.0
newton,3,newton_s3,124,9.483095,25.6699,239435.0
newton,3,newton_s3,125,9.980868,25.8766,241712.0
newton,3,newton_s3,126,10.350719,26.0880,236248.0
newton,3,newton_s3,127,9.892347,26.2920,244961.0
newton,3,newton_s3,128,9.285067,26.5017,238424.0
newton,3,newton_s3,129,9.654680,26.7084,241518.0
newton,3,newton_s3,130,10.375700,26.9152,241705.0
newton,3,newton_s3,131,9.748349,27.1254,237742.0
newton,3,newton_s3,132,9.956931,27.3363,236916.0
newton,3,newton_s3,133,10.158020,27.5450,239446.0
newton,3,newton_s3,134,10.343527,27.7535,239691.0
newton,3,newton_s3,135,9.728822,27.9604,241545.0
newton,3,newton_s3,136,8.972774,28.1673,241492.0
newton,3,newton_s3,137,9.781464,28.3745,241188.0
newton,3,newton_s3,138,11.219692,28.5842,238203.0
newton,3,newton_s3,139,11.850303,28.7894,243382.0
newton,3,newton_s3,140,11.268023,28.9942,245257.0
newton,3,newton_s3,141,10.980592,29.2023,240073.0
newton,3,newton_s3,142,10.549174,29.4094,241174.0
newton,3,newton_s3,143,10.996993,29.6096,249652.0
newton,3,newton_s3,144,11.231581,29.8161,241967.0
newton,3,newton_s3,145,11.157218,30.0116,255607.0
newton,3,newton_s3,146,10.124413,30.2184,241479.0
newton,3,newton_s3,147,10.500916,30.4224,244927.0
newton,3,newton_s3,148,10.892630,30.6241,247709.0
newton,3,newton_s3,149,10.693241,30.8252,248574.0
newton,3,newton_s3,150,10.192616,31.0337,239490.0
newton,3,newton_s3,151,10.997291,31.2411,243773.0
newton,3,newton_s3,152,11.052956,31.4440,246153.0
newton,3,newton_s3,153,10.823429,31.6503,242352.0
newton,3,newton_s3,154,10.679832,31.8571,241862.0
newton,3,newton_s3,155,10.479453,32.0665,238772.0
newton,3,newton_s3,156,10.597154,32.2753,239315.0
newton,3,newton_s3,157,10.646785,32.4844,239016.0
newton,3,newton_s3,158,10.502849,32.6916,241257.0
newton,3,newton_s3,159,10.593284,32.9005,239237.0
newton,3,newton_s3,160,11.603294,33.1092,239380.0
newton,3,newton_s3,161,11.626072,33.3165,240970.0
newton,3,newton_s3,162,11.015131,33.5195,246307.0
newton,3,newton_s3,163,10.153817,33.7266,241344.0
newton,3,newton_s3,164,10.441050,33.9355,239180.0
newton,3,newton_s3,165,11.761433,34.1489,241488.0
newton,3,newton_s3,166,12.212554,34.3583,238973.0
newton,3,newton_s3,167,11.709729,34.5671,239354.0
newton,3,newton_s3,168,11.070185,34.7749,240502.0
newton,3,newton_s3,169,11.369484,34.9856,237253.0
newton,3,newton_s3,170,11.409068,35.1958,237782.0
newton,3,newton_s3,171,11.299109,35.4002,244389.0
newton,3,newton_s3,172,11.563609,35.6127,235119.0
newton,3,newton_s3,173,12.243156,35.8216,239030.0
newton,3,newton_s3,174,11.108845,36.0331,236073.0
newton,3,newton_s3,175,10.898649,36.2419,239135.0
newton,3,newton_s3,176,12.286361,36.4498,240063.0
newton,3,newton_s3,177,11.649933,36.6569,241190.0
newton,3,newton_s3,178,10.854017,36.8626,242869.0
newton,3,newton_s3,179,10.463570,37.0727,237884.0
newton,3,newton_s3,180,11.319014,37.2834,237157.0
newton,3,newton_s3,181,12.580728,37.4881,244205.0
newton,3,newton_s3,182,12.239222,37.6945,242149.0
newton,3,newton_s3,183,13.039631,37.9005,242760.0
newton,3,newton_s3,184,12.077100,38.1064,242507.0
newton,3,newton_s3,185,10.955715,38.3103,245016.0
newton,3,newton_s3,186,11.182701,38.5106,249269.0
newton,3,newton_s3,187,12.031661,38.7126,247266.0
newton,3,newton_s3,188,12.216275,38.9159,245942.0
newton,3,newton_s3,189,12.019834,39.1187,246329.0
newton,3,newton_s3,190,11.918429,39.3197,248485.0
newton,3,newton_s3,191,12.569134,39.5248,243547.0
newton,3,newton_s3,192,11.991365,39.7311,242489.0
newton,3,newton_s3,193,11.759678,39.9358,244045.0
newton,3,newton_s3,194,11.646958,40.1404,244175.0
newton,3,newton_s3,195,11.650803,40.3493,239238.0
newton,3,newton_s3,196,12.278257,40.5539,244416.0
newton,3,newton_s3,197,13.518997,40.7644,237308.0
newton,3,newton_s3,198,14.228885,40.9714,241437.0
newton,3,newton_s3,199,13.061921,41.1817,237583.0
newton,3,newton_s3,200,13.738433,41.3900,239743.0
newton,3,newton_s3,201,12.737901,41.6003,240156.0
newton,3,newton_s3,202,12.121389,41.8073,241346.0
newton,3,newton_s3,203,13.150495,42.0177,237458.0
newton,3,newton_s3,204,12.351827,42.2208,245979.0
newton,3,newton_s3,205,11.571291,42.4300,238835.0
newton,3,newton_s3,206,12.242025,42.6346,244303.0
newton,3,newton_s3,207,14.034034,42.8453,237066.0
newton,3,newton_s3,208,14.263594,43.0487,245497.0
newton,3,newton_s3,209,13.730062,43.2605,235875.0
newton,3,newton_s3,210,13.758000,43.4692,239862.0
newton,3,newton_s3,211,14.467120,43.6797,237336.0
newton,3,newton_s3,212,12.993297,43.8878,239916.0
newton,3,newton_s3,213,13.283522,44.0950,240993.0
newton,3,newton_s3,214,13.754247,44.3061,236713.0
newton,3,newton_s3,215,12.966807,44.5146,239831.0
newton,3,newton_s3,216,12.727662,44.7247,237917.0
newton,3,newton_s3,217,12.393953,44.9347,238273.0
newton,3,newton_s3,218,12.255733,45.1434,239651.0
newton,3,newton_s3,219,12.931596,45.3526,238717.0
newton,3,newton_s3,220,13.265676,45.5589,242116.0
newton,3,newton_s3,221,14.464253,45.7674,239488.0
newton,3,newton_s3,222,13.018239,45.9755,239901.0
newton,3,newton_s3,223,13.142121,46.1794,245039.0
newton,3,newton_s3,224,14.203599,46.3849,243001.0
newton,3,newton_s3,225,13.774120,46.5920,241140.0
newton,3,newton_s3,226,13.810413,46.7932,248235.0
newton,3,newton_s3,227,14.357370,47.0008,240453.0
newton,3,newton_s3,228,14.755390,47.2026,247443.0
newton,3,newton_s3,229,15.473352,47.4079,243313.0
newton,3,newton_s3,230,15.738885,47.6099,247424.0
newton,3,newton_s3,231,14.935253,47.8152,243529.0
newton,3,newton_s3,232,14.370254,48.0228,241196.0
newton,3,newton_s3,233,14.529884,48.2300,241503.0
newton,3,newton_s3,234,14.566372,48.4361,242630.0
newton,3,newton_s3,235,14.802944,48.6392,246310.0
newton,3,newton_s3,236,14.997306,48.8474,240221.0
newton,3,newton_s3,237,13.778742,49.0581,237357.0
newton,3,newton_s3,238,13.997367,49.2628,244412.0
newton,3,newton_s3,239,14.804298,49.4712,239976.0
newton,3,newton_s3,240,15.516137,49.6789,240948.0
newton,3,newton_s3,241,14.737550,49.8883,238904.0
newton,3,newton_s3,242,14.828192,50.0975,239055.0
newton,3,newton_s3,243,14.406426,50.3046,241554.0
newton,3,newton_s3,244,14.585532,50.5120,241115.0
newton,3,newton_s3,245,13.747875,50.7185,241976.0
newton,3,newton_s3,246,13.758341,50.9252,241927.0
newton,3,newton_s3,247,13.831708,51.1343,239309.0
newton,3,newton_s3,248,13.788443,51.3412,241908.0
newton,3,newton_s3,249,14.619834,51.5493,240384.0
newton,3,newton_s3,250,15.367508,51.7546,243742.0
newton,3,newton_s3,251,16.246157,51.9687,236078.0
newton,3,newton_s3,252,15.319749,52.1735,244375.0
newton,3,newton_s3,253,15.008195,52.3842,237223.0
newton,3,newton_s3,254,15.054873,52.5928,239622.0
newton,3,newton_s3,255,15.905663,52.8022,238721.0
newton,3,newton_s3,256,15.353102,53.0114,238848.0
newton,3,newton_s3,257,15.089747,53.2208,238532.0
newton,3,newton_s3,258,15.222705,53.4328,235583.0
newton,3,newton_s3,259,15.132666,53.6418,239017.0
newton,3,newton_s3,260,15.117431,53.8497,240517.0
newton,3,newton_s3,261,15.673097,54.0571,240919.0
newton,3,newton_s3,262,15.193271,54.2659,239307.0
newton,3,newton_s3,263,14.067386,54.4760,237742.0
newton,3,newton_s3,264,13.993023,54.6834,240911.0
newton,3,newton_s3,265,14.801930,54.8875,244828.0
newton,3,newton_s3,266,15.217200,55.0963,239273.0
newton,3,newton_s3,267,15.844504,55.3041,240567.0
newton,3,newton_s3,268,16.415955,55.5081,245186.0
newton,3,newton_s3,269,15.996029,55.7134,243794.0
newton,3,newton_s3,270,16.336441,55.9107,253756.0
newton,3,newton_s3,271,16.076288,56.1180,241252.0
newton,3,newton_s3,272,15.706894,56.3199,247834.0
newton,3,newton_s3,273,15.497305,56.5243,244766.0
newton,3,newton_s3,274,15.815361,56.7273,246455.0
newton,3,newton_s3,275,16.765936,56.9325,243681.0
newton,3,newton_s3,276,15.930430,57.1370,244682.0
newton,3,newton_s3,277,14.688457,57.3400,246324.0
newton,3,newton_s3,278,15.349484,57.5497,238606.0
newton,3,newton_s3,279,17.037045,57.7557,242978.0
newton,3,newton_s3,280,16.677799,57.9590,246105.0
newton,3,newton_s3,281,15.095802,58.1683,239050.0
newton,3,newton_s3,282,16.117865,58.3775,239082.0
newton,3,newton_s3,283,16.703808,58.5861,239899.0
newton,3,newton_s3,284,15.728189,58.7960,238339.0
newton,3,newton_s3,285,16.259552,59.0050,239349.0
newton,3,newton_s3,286,17.465845,59.2118,241927.0
newton,3,newton_s3,287,16.476351,59.4186,241850.0
newton,3,newton_s3,288,16.369497,59.6280,238712.0
newton,3,newton_s3,289,16.276247,59.8378,238247.0
newton,3,newton_s3,290,15.615237,60.0471,238682.0
newton,3,newton_s3,291,16.161535,60.2529,242918.0
newton,3,newton_s3,292,16.741650,60.4591,242442.0
newton,3,newton_s3,293,17.137379,60.6685,238623.0
newton,3,newton_s3,294,17.508169,60.8766,240012.0
newton,3,newton_s3,295,17.326267,61.0879,236616.0
newton,3,newton_s3,296,17.899864,61.2959,240259.0
newton,3,newton_s3,297,17.841259,61.5049,239226.0
newton,3,newton_s3,298,17.155912,61.7148,238120.0
newton,3,newton_s3,299,17.195820,61.9274,235127.0
newton,4,newton_s4,0,-0.535925,0.0000,40331.0
newton,4,newton_s4,1,-1.050862,0.2087,243204.0
newton,4,newton_s4,2,-1.517607,0.4130,244972.0
newton,4,newton_s4,3,-2.326353,0.6202,241521.0
newton,4,newton_s4,4,-3.090636,0.8319,236315.0
newton,4,newton_s4,5,-3.696811,1.0389,241676.0
newton,4,newton_s4,6,-4.001249,1.2481,239283.0
newton,4,newton_s4,7,-4.050053,1.4580,238152.0
newton,4,newton_s4,8,-4.534425,1.6608,246251.0
newton,4,newton_s4,9,-4.935460,1.8664,242966.0
newton,4,newton_s4,10,-5.089610,2.0704,244885.0
newton,4,newton_s4,11,-5.548179,2.2776,241043.0
newton,4,newton_s4,12,-5.938027,2.4815,245045.0
newton,4,newton_s4,13,-5.895444,2.6909,238446.0
newton,4,newton_s4,14,-5.957678,2.8939,246112.0
newton,4,newton_s4,15,-5.836560,3.1027,239276.0
newton,4,newton_s4,16,-6.436578,3.3074,244047.0
newton,4,newton_s4,17,-7.334791,3.5145,241192.0
newton,4,newton_s4,18,-6.957523,3.7180,245420.0
newton,4,newton_s4,19,-6.863628,3.9239,242515.0
newton,4,newton_s4,20,-7.167999,4.1301,242239.0
newton,4,newton_s4,21,-7.742878,4.3368,241635.0
newton,4,newton_s4,22,-7.688946,4.5434,241728.0
newton,4,newton_s4,23,-7.612193,4.7494,242702.0
newton,4,newton_s4,24,-6.997066,4.9557,242541.0
newton,4,newton_s4,25,-7.030131,5.1634,240606.0
newton,4,newton_s4,26,-7.019678,5.3718,239979.0
newton,4,newton_s4,27,-6.913987,5.5736,247630.0
newton,4,newton_s4,28,-7.541465,5.7803,241920.0
newton,4,newton_s4,29,-7.599779,5.9827,246889.0
newton,4,newton_s4,30,-7.005139,6.1879,244160.0
newton,4,newton_s4,31,-6.931116,6.3946,241895.0
newton,4,newton_s4,32,-7.666098,6.6036,239106.0
newton,4,newton_s4,33,-7.786355,6.8144,237277.0
newton,4,newton_s4,34,-7.104059,7.0224,240287.0
newton,4,newton_s4,35,-6.537151,7.2248,246859.0
newton,4,newton_s4,36,-6.422040,7.4293,244422.0
newton,4,newton_s4,37,-6.885334,7.6353,242658.0
newton,4,newton_s4,38,-6.897633,7.8393,245009.0
newton,4,newton_s4,39,-6.922437,8.0460,241772.0
newton,4,newton_s4,40,-6.713487,8.2491,246077.0
newton,4,newton_s4,41,-5.362013,8.4573,240265.0
newton,4,newton_s4,42,-5.359925,8.6630,243599.0
newton,4,newton_s4,43,-5.710201,8.8693,242123.0
newton,4,newton_s4,44,-5.181585,9.0721,246615.0
newton,4,newton_s4,45,-3.956138,9.2817,238601.0
newton,4,newton_s4,46,-3.557906,9.4850,245840.0
newton,4,newton_s4,47,-3.079613,9.6921,241369.0
newton,4,newton_s4,48,-2.007477,9.8977,243216.0
newton,4,newton_s4,49,-1.666411,10.1007,246145.0
newton,4,newton_s4,50,-1.921185,10.3056,244098.0
newton,4,newton_s4,51,-0.971636,10.5103,246750.0
newton,4,newton_s4,52,-0.349283,10.7097,250678.0
newton,4,newton_s4,53,-0.632646,10.9184,239426.0
newton,4,newton_s4,54,-0.253770,11.1231,244169.0
newton,4,newton_s4,55,0.518912,11.3283,243556.0
newton,4,newton_s4,56,0.333311,11.5310,246650.0
newton,4,newton_s4,57,0.576192,11.7369,242655.0
newton,4,newton_s4,58,1.199408,11.9396,246421.0
newton,4,newton_s4,59,1.671415,12.1445,243842.0
newton,4,newton_s4,60,2.100118,12.3493,243854.0
newton,4,newton_s4,61,2.346133,12.5529,245345.0
newton,4,newton_s4,62,2.381817,12.7554,246866.0
newton,4,newton_s4,63,1.965809,12.9630,240943.0
newton,4,newton_s4,64,2.830097,13.1700,241530.0
newton,4,newton_s4,65,4.393001,13.3778,240626.0
newton,4,newton_s4,66,4.816582,13.5814,245518.0
newton,4,newton_s4,67,3.912766,13.7882,241771.0
newton,4,newton_s4,68,5.076525,13.9975,238901.0
newton,4,newton_s4,69,5.367212,14.2040,242058.0
newton,4,newton_s4,70,5.764392,14.4068,246326.0
newton,4,newton_s4,71,5.817837,14.6106,244970.0
newton,4,newton_s4,72,5.770067,14.8137,246193.0
newton,4,newton_s4,73,4.859765,15.0194,242825.0
newton,4,newton_s4,74,4.724679,15.2352,231336.0
newton,4,newton_s4,75,5.423753,15.4468,236019.0
newton,4,newton_s4,76,5.713765,15.6549,239924.0
newton,4,newton_s4,77,6.160448,15.8599,243742.0
newton,4,newton_s4,78,5.903675,16.0665,241713.0
newton,4,newton_s4,79,5.671402,16.2778,236612.0
newton,4,newton_s4,80,6.202884,16.4835,243050.0
newton,4,newton_s4,81,6.019090,16.6926,239351.0
newton,4,newton_s4,82,4.796805,16.9045,235989.0
newton,4,newton_s4,83,5.468456,17.1169,235461.0
newton,4,newton_s4,84,5.847912,17.3251,240179.0
newton,4,newton_s4,85,6.756565,17.5358,237477.0
newton,4,newton_s4,86,7.650684,17.7443,239748.0
newton,4,newton_s4,87,7.189275,17.9549,237646.0
newton,4,newton_s4,88,6.611939,18.1638,239376.0
newton,4,newton_s4,89,6.432527,18.3789,232573.0
newton,4,newton_s4,90,6.403862,18.5876,239702.0
newton,4,newton_s4,91,5.900335,18.7911,245832.0
newton,4,newton_s4,92,6.293871,18.9944,245897.0
newton,4,newton_s4,93,7.586038,19.1970,246892.0
newton,4,newton_s4,94,8.159715,19.3996,246700.0
newton,4,newton_s4,95,8.008014,19.6113,236669.0
newton,4,newton_s4,96,7.243527,19.8159,244498.0
newton,4,newton_s4,97,7.291430,20.0184,246701.0
newton,4,newton_s4,98,7.890815,20.2269,239811.0
newton,4,newton_s4,99,8.710251,20.4368,237999.0
newton,4,newton_s4,100,8.613627,20.6401,246003.0
newton,4,newton_s4,101,8.124063,20.8480,243244.0
newton,4,newton_s4,102,8.679070,21.0517,245446.0
newton,4,newton_s4,103,9.477420,21.2580,242331.0
newton,4,newton_s4,104,8.580512,21.4643,242301.0
newton,4,newton_s4,105,8.908392,21.6696,243455.0
newton,4,newton_s4,106,8.546549,21.8741,244457.0
newton,4,newton_s4,107,8.759306,22.0821,240307.0
newton,4,newton_s4,108,8.892024,22.2876,243147.0
newton,4,newton_s4,109,8.289042,22.4982,237303.0
newton,4,newton_s4,110,8.850079,22.7027,244384.0
newton,4,newton_s4,111,9.036899,22.9097,242349.0
newton,4,newton_s4,112,8.760642,23.1135,245257.0
newton,4,newton_s4,113,7.787031,23.3201,241724.0
newton,4,newton_s4,114,8.693409,23.5229,246349.0
newton,4,newton_s4,115,9.569907,23.7298,241360.0
newton,4,newton_s4,116,10.107206,23.9396,238052.0
newton,4,newton_s4,117,9.259633,24.1438,244814.0
newton,4,newton_s4,118,9.515003,24.3499,242293.0
newton,4,newton_s4,119,10.436884,24.5540,245213.0
newton,4,newton_s4,120,9.844237,24.7595,243545.0
newton,4,newton_s4,121,8.950358,24.9710,236092.0
newton,4,newton_s4,122,8.257935,25.1743,245887.0
newton,4,newton_s4,123,9.337937,25.3791,244135.0
newton,4,newton_s4,124,10.821135,25.5875,239930.0
newton,4,newton_s4,125,10.302519,25.7967,238949.0
newton,4,newton_s4,126,10.285330,26.0058,239497.0
newton,4,newton_s4,127,10.331605,26.2092,245940.0
newton,4,newton_s4,128,9.983978,26.4157,241890.0
newton,4,newton_s4,129,10.618881,26.6234,240720.0
newton,4,newton_s4,130,11.131253,26.8313,240462.0
newton,4,newton_s4,131,10.291503,27.0387,241266.0
newton,4,newton_s4,132,10.285254,27.2501,236374.0
newton,4,newton_s4,133,10.861843,27.4527,247032.0
newton,4,newton_s4,134,10.956866,27.6566,244936.0
newton,4,newton_s4,135,10.442978,27.8589,247013.0
newton,4,newton_s4,136,10.086657,28.0645,243069.0
newton,4,newton_s4,137,10.246597,28.2698,243345.0
newton,4,newton_s4,138,10.035014,28.4789,239038.0
newton,4,newton_s4,139,11.279561,28.6826,245650.0
newton,4,newton_s4,140,11.660271,28.8897,241548.0
newton,4,newton_s4,141,11.393718,29.0952,243747.0
newton,4,newton_s4,142,11.409544,29.3002,243661.0
newton,4,newton_s4,143,11.390179,29.4994,250952.0
newton,4,newton_s4,144,11.415278,29.7069,240694.0
newton,4,newton_s4,145,11.658291,29.9093,246887.0
newton,4,newton_s4,146,11.448957,30.1155,242711.0
newton,4,newton_s4,147,11.126387,30.3204,244157.0
newton,4,newton_s4,148,11.623547,30.5255,244037.0
newton,4,newton_s4,149,11.632202,30.7324,241331.0
newton,4,newton_s4,150,12.103130,30.9393,241575.0
newton,4,newton_s4,151,11.629295,31.1504,239054.0
newton,4,newton_s4,152,11.310929,31.3514,248527.0
newton,4,newton_s4,153,11.263931,31.5577,242075.0
newton,4,newton_s4,154,11.252022,31.7595,247516.0
newton,4,newton_s4,155,11.352496,31.9645,243670.0
newton,4,newton_s4,156,11.258671,32.1656,248515.0
newton,4,newton_s4,157,10.114858,32.3759,237524.0
newton,4,newton_s4,158,10.626046,32.5823,241953.0
newton,4,newton_s4,159,11.846053,32.7854,246384.0
newton,4,newton_s4,160,12.182416,32.9855,249816.0
newton,4,newton_s4,161,12.161503,33.1902,244273.0
newton,4,newton_s4,162,13.293645,33.3959,243348.0
newton,4,newton_s4,163,13.547043,33.6003,244275.0
newton,4,newton_s4,164,12.401706,33.8081,240490.0
newton,4,newton_s4,165,13.021788,34.0117,245406.0
newton,4,newton_s4,166,12.913904,34.2199,239842.0
newton,4,newton_s4,167,12.338732,34.4285,239344.0
newton,4,newton_s4,168,11.822616,34.6342,242815.0
newton,4,newton_s4,169,11.618768,34.8368,246758.0
newton,4,newton_s4,170,12.330508,35.0445,240335.0
newton,4,newton_s4,171,12.222891,35.2477,246021.0
newton,4,newton_s4,172,13.118008,35.4543,241680.0
newton,4,newton_s4,173,13.616504,35.6608,241943.0
newton,4,newton_s4,174,13.816997,35.8654,244175.0
newton,4,newton_s4,175,13.938714,36.0707,243248.0
newton,4,newton_s4,176,12.762472,36.2728,247206.0
newton,4,newton_s4,177,12.290904,36.4745,247604.0
newton,4,newton_s4,178,12.618984,36.6799,243214.0
newton,4,newton_s4,179,12.408648,36.8861,242264.0
newton,4,newton_s4,180,12.756255,37.0933,241104.0
newton,4,newton_s4,181,13.092038,37.2956,247068.0
newton,4,newton_s4,182,13.980000,37.5051,238324.0
newton,4,newton_s4,183,13.533040,37.7126,240781.0
newton,4,newton_s4,184,13.268218,37.9251,234894.0
newton,4,newton_s4,185,14.280657,38.1337,239299.0
newton,4,newton_s4,186,14.424428,38.3418,240112.0
newton,4,newton_s4,187,13.872894,38.5508,238924.0
newton,4,newton_s4,188,12.960813,38.7639,234225.0
newton,4,newton_s4,189,13.886227,38.9682,244507.0
newton,4,newton_s4,190,14.192412,39.1772,239011.0
newton,4,newton_s4,191,14.523598,39.3819,244255.0
newton,4,newton_s4,192,14.456604,39.5910,239181.0
newton,4,newton_s4,193,13.261949,39.8006,238608.0
newton,4,newton_s4,194,13.805803,40.0050,244771.0
newton,4,newton_s4,195,15.195373,40.2105,243454.0
newton,4,newton_s4,196,15.976805,40.4178,241304.0
newton,4,newton_s4,197,15.174876,40.6236,243234.0
newton,4,newton_s4,198,13.887495,40.8297,242667.0
newton,4,newton_s4,199,14.283221,41.0427,234840.0
newton,4,newton_s4,200,15.547132,41.2486,242728.0
newton,4,newton_s4,201,14.311996,41.4536,246511.0
newton,4,newton_s4,202,14.065516,41.6557,247184.0
newton,4,newton_s4,203,14.914774,41.8603,244047.0
newton,4,newton_s4,204,13.987864,42.0676,240887.0
newton,4,newton_s4,205,14.337253,42.2709,245776.0
newton,4,newton_s4,206,14.116693,42.4751,244519.0
newton,4,newton_s4,207,13.566892,42.6809,242631.0
newton,4,newton_s4,208,14.284704,42.8966,238639.0
newton,4,newton_s4,209,15.124479,43.1095,234899.0
newton,4,newton_s4,210,13.824893,43.3141,244199.0
newton,4,newton_s4,211,14.211080,43.5193,243459.0
newton,4,newton_s4,212,15.675158,43.7333,233236.0
newton,4,newton_s4,213,16.179146,43.9403,241468.0
newton,4,newton_s4,214,15.147979,44.1502,238193.0
newton,4,newton_s4,215,14.365753,44.3594,238829.0
newton,4,newton_s4,216,14.676733,44.5623,246193.0
newton,4,newton_s4,217,15.202834,44.7659,245276.0
newton,4,newton_s4,218,14.866408,44.9729,241548.0
newton,4,newton_s4,219,15.114390,45.1772,244476.0
newton,4,newton_s4,220,16.265898,45.3834,242116.0
newton,4,newton_s4,221,17.995186,45.5886,243444.0
newton,4,newton_s4,222,17.232468,45.7933,243853.0
newton,4,newton_s4,223,15.842388,45.9978,244362.0
newton,4,newton_s4,224,15.152331,46.2040,242145.0
newton,4,newton_s4,225,15.662589,46.4097,242784.0
newton,4,newton_s4,226,15.981733,46.6170,241137.0
newton,4,newton_s4,227,15.421150,46.8215,244564.0
newton,4,newton_s4,228,15.628271,47.0269,243274.0
newton,4,newton_s4,229,16.085983,47.2352,239737.0
newton,4,newton_s4,230,15.810120,47.4399,244022.0
newton,4,newton_s4,231,15.767671,47.6444,244116.0
newton,4,newton_s4,232,15.428754,47.8483,245000.0
newton,4,newton_s4,233,16.131662,48.0566,239734.0
newton,4,newton_s4,234,16.851715,48.2688,235289.0
newton,4,newton_s4,235,16.262199,48.4738,243724.0
newton,4,newton_s4,236,16.635706,48.6827,239082.0
newton,4,newton_s4,237,16.662222,48.8859,245803.0
newton,4,newton_s4,238,16.828239,49.0925,241895.0
newton,4,newton_s4,239,17.126076,49.2983,242694.0
newton,4,newton_s4,240,17.019384,49.5059,240639.0
newton,4,newton_s4,241,17.241344,49.7170,236631.0
newton,4,newton_s4,242,17.017097,49.9210,244870.0
newton,4,newton_s4,243,17.740456,50.1258,243883.0
newton,4,newton_s4,244,17.158659,50.3310,243429.0
newton,4,newton_s4,245,15.889228,50.5368,242806.0
newton,4,newton_s4,246,17.180927,50.7496,234718.0
newton,4,newton_s4,247,18.624411,50.9552,243023.0
newton,4,newton_s4,248,18.612539,51.1588,245257.0
newton,4,newton_s4,249,16.937410,51.3660,241060.0
newton,4,newton_s4,250,17.176956,51.5778,235685.0
newton,4,newton_s4,251,16.835773,51.7883,239813.0
newton,4,newton_s4,252,16.413090,51.9952,241373.0
newton,4,newton_s4,253,17.268368,52.2015,242138.0
newton,4,newton_s4,254,17.621923,52.4100,239641.0
newton,4,newton_s4,255,17.205353,52.6160,242436.0
newton,4,newton_s4,256,18.299730,52.8243,239712.0
newton,4,newton_s4,257,18.196669,53.0339,238271.0
newton,4,newton_s4,258,17.750095,53.2434,238395.0
newton,4,newton_s4,259,17.657787,53.4526,238722.0
newton,4,newton_s4,260,18.030373,53.6602,240478.0
newton,4,newton_s4,261,17.911381,53.8671,241599.0
newton,4,newton_s4,262,17.604130,54.0741,241409.0
newton,4,newton_s4,263,18.668591,54.2872,234535.0
newton,4,newton_s4,264,18.954548,54.4921,244054.0
newton,4,newton_s4,265,18.885509,54.7009,239256.0
newton,4,newton_s4,266,18.580246,54.9080,241421.0
newton,4,newton_s4,267,18.014090,55.1166,239489.0
newton,4,newton_s4,268,18.706938,55.3211,244537.0
newton,4,newton_s4,269,19.385639,55.5328,236034.0
newton,4,newton_s4,270,18.602558,55.7389,242569.0
newton,4,newton_s4,271,19.605446,55.9478,239127.0
newton,4,newton_s4,272,19.203112,56.1539,242377.0
newton,4,newton_s4,273,18.939737,56.3605,241829.0
newton,4,newton_s4,274,19.242041,56.5648,244399.0
newton,4,newton_s4,275,20.072458,56.7716,241596.0
newton,4,newton_s4,276,20.144098,56.9863,232625.0
newton,4,newton_s4,277,19.752028,57.1913,243703.0
newton,4,newton_s4,278,19.963171,57.3979,241790.0
newton,4,newton_s4,279,20.883129,57.6014,245380.0
newton,4,newton_s4,280,20.969439,57.8089,240666.0
newton,4,newton_s4,281,20.263508,58.0135,244160.0
newton,4,newton_s4,282,21.008377,58.2254,235629.0
newton,4,newton_s4,283,20.970699,58.4340,239449.0
newton,4,newton_s4,284,20.654942,58.6386,244134.0
newton,4,newton_s4,285,20.948553,58.8408,247089.0
newton,4,newton_s4,286,20.569792,59.0465,242814.0
newton,4,newton_s4,287,20.800077,59.2521,243047.0
newton,4,newton_s4,288,22.057196,59.4597,240610.0
newton,4,newton_s4,289,22.584435,59.6689,238775.0
newton,4,newton_s4,290,22.610477,59.8711,247028.0
newton,4,newton_s4,291,22.200617,60.0785,240789.0
newton,4,newton_s4,292,21.832052,60.2874,239081.0
newton,4,newton_s4,293,22.795025,60.4965,238880.0
newton,4,newton_s4,294,22.473761,60.6996,245985.0
newton,4,newton_s4,295,21.547901,60.9070,240753.0
newton,4,newton_s4,296,21.846479,61.1150,240176.0
newton,4,newton_s4,297,23.843660,61.3197,244038.0
newton,4,newton_s4,298,24.045544,61.5316,235723.0
newton,4,newton_s4,299,23.737055,61.7381,241962.0
newton,5,newton_s5,0,-0.604938,0.0000,40571.0
newton,5,newton_s5,1,-0.953714,0.2062,246295.0
newton,5,newton_s5,2,-1.808197,0.4147,239964.0
newton,5,newton_s5,3,-2.524526,0.6190,245101.0
newton,5,newton_s5,4,-3.396760,0.8305,236312.0
newton,5,newton_s5,5,-3.827730,1.0408,238122.0
newton,5,newton_s5,6,-4.428376,1.2482,241034.0
newton,5,newton_s5,7,-4.866690,1.4563,240027.0
newton,5,newton_s5,8,-5.081937,1.6654,238777.0
newton,5,newton_s5,9,-5.034015,1.8720,241763.0
newton,5,newton_s5,10,-5.218306,2.0780,242630.0
newton,5,newton_s5,11,-5.826413,2.2863,239708.0
newton,5,newton_s5,12,-5.928153,2.4967,237432.0
newton,5,newton_s5,13,-6.062932,2.7015,243850.0
newton,5,newton_s5,14,-5.804333,2.9165,239635.0
newton,5,newton_s5,15,-6.221246,3.1244,240682.0
newton,5,newton_s5,16,-6.813663,3.3334,238865.0
newton,5,newton_s5,17,-7.212259,3.5392,242816.0
newton,5,newton_s5,18,-7.314067,3.7446,243131.0
newton,5,newton_s5,19,-6.654674,3.9549,237583.0
newton,5,newton_s5,20,-6.987584,4.1602,243381.0
newton,5,newton_s5,21,-7.175056,4.3694,238666.0
newton,5,newton_s5,22,-6.800860,4.5767,240895.0
newton,5,newton_s5,23,-6.989331,4.7819,243377.0
newton,5,newton_s5,24,-7.164499,4.9811,250798.0
newton,5,newton_s5,25,-7.367588,5.1884,240888.0
newton,5,newton_s5,26,-7.340328,5.3984,237823.0
newton,5,newton_s5,27,-7.560525,5.6036,243478.0
newton,5,newton_s5,28,-7.616536,5.8146,236723.0
newton,5,newton_s5,29,-7.529189,6.0205,242574.0
newton,5,newton_s5,30,-7.427075,6.2269,242098.0
newton,5,newton_s5,31,-6.919045,6.4326,242733.0
newton,5,newton_s5,32,-7.528221,6.6435,236790.0
newton,5,newton_s5,33,-6.837981,6.8493,242737.0
newton,5,newton_s5,34,-7.628278,7.0517,246911.0
newton,5,newton_s5,35,-7.605922,7.2572,243280.0
newton,5,newton_s5,36,-7.427569,7.4648,240705.0
newton,5,newton_s5,37,-7.448635,7.6726,240319.0
newton,5,newton_s5,38,-7.150396,7.8752,246766.0
newton,5,newton_s5,39,-7.083395,8.0822,241368.0
newton,5,newton_s5,40,-7.058925,8.2920,238078.0
newton,5,newton_s5,41,-6.096385,8.4949,246222.0
newton,5,newton_s5,42,-5.124126,8.6974,246742.0
newton,5,newton_s5,43,-6.551166,8.8992,247503.0
newton,5,newton_s5,44,-6.189224,9.1009,247713.0
newton,5,newton_s5,45,-4.420092,9.3079,241371.0
newton,5,newton_s5,46,-2.593193,9.5175,238477.0
newton,5,newton_s5,47,-2.017446,9.7250,240903.0
newton,5,newton_s5,48,-2.674290,9.9320,241430.0
newton,5,newton_s5,49,-2.677050,10.1370,243844.0
newton,5,newton_s5,50,-1.531747,10.3443,241051.0
newton,5,newton_s5,51,-0.785357,10.5579,236274.0
newton,5,newton_s5,52,-0.375070,10.7631,243534.0
newton,5,newton_s5,53,0.203157,10.9702,241288.0
newton,5,newton_s5,54,0.104688,11.1772,241318.0
newton,5,newton_s5,55,-0.620431,11.3822,243646.0
newton,5,newton_s5,56,0.283548,11.5915,238718.0
newton,5,newton_s5,57,1.422604,11.7976,242370.0
newton,5,newton_s5,58,1.374778,12.0069,238646.0
newton,5,newton_s5,59,1.484956,12.2125,242946.0
newton,5,newton_s5,60,1.590489,12.4201,240587.0
newton,5,newton_s5,61,2.417616,12.6287,239428.0
newton,5,newton_s5,62,2.808105,12.8359,241187.0
newton,5,newton_s5,63,2.457516,13.0443,239711.0
newton,5,newton_s5,64,2.695481,13.2513,241340.0
newton,5,newton_s5,65,2.363533,13.4549,245542.0
newton,5,newton_s5,66,2.992082,13.6604,243288.0
newton,5,newton_s5,67,4.249110,13.8680,240647.0
newton,5,newton_s5,68,3.939417,14.0765,239725.0
newton,5,newton_s5,69,4.116709,14.2847,240125.0
newton,5,newton_s5,70,5.182740,14.4995,232514.0
newton,5,newton_s5,71,4.722620,14.7086,238979.0
newton,5,newton_s5,72,3.866389,14.9176,239088.0
newton,5,newton_s5,73,4.106224,15.1297,235557.0
newton,5,newton_s5,74,4.665926,15.3392,238542.0
newton,5,newton_s5,75,5.538692,15.5488,238422.0
newton,5,newton_s5,76,6.263962,15.7543,243218.0
newton,5,newton_s5,77,7.263079,15.9617,241430.0
newton,5,newton_s5,78,7.101040,16.1779,231689.0
newton,5,newton_s5,79,6.971849,16.3898,235868.0
newton,5,newton_s5,80,5.531195,16.5951,243428.0
newton,5,newton_s5,81,5.706659,16.8066,236568.0
newton,5,newton_s5,82,5.980292,17.0191,235121.0
newton,5,newton_s5,83,6.727394,17.2272,240272.0
newton,5,newton_s5,84,7.521242,17.4321,243799.0
newton,5,newton_s5,85,7.157273,17.6413,239302.0
newton,5,newton_s5,86,7.102511,17.8566,232349.0
newton,5,newton_s5,87,7.318456,18.0671,237737.0
newton,5,newton_s5,88,8.038828,18.2786,236706.0
newton,5,newton_s5,89,7.602244,18.4860,241275.0
newton,5,newton_s5,90,6.807051,18.6971,236800.0
newton,5,newton_s5,91,7.762944,18.9051,240451.0
newton,5,newton_s5,92,7.435405,19.1151,237830.0
newton,5,newton_s5,93,6.263350,19.3258,237208.0
newton,5,newton_s5,94,7.417404,19.5324,241877.0
newton,5,newton_s5,95,7.766433,19.7442,235979.0
newton,5,newton_s5,96,8.122704,19.9515,241147.0
newton,5,newton_s5,97,8.454005,20.1626,236745.0
newton,5,newton_s5,98,7.669699,20.3692,241865.0
newton,5,newton_s5,99,7.436571,20.5768,240657.0
newton,5,newton_s5,100,8.034282,20.7853,239649.0
newton,5,newton_s5,101,8.788729,20.9954,240434.0
newton,5,newton_s5,102,8.494814,21.2025,241229.0
newton,5,newton_s5,103,9.081800,21.4113,239682.0
newton,5,newton_s5,104,8.858399,21.6132,247510.0
newton,5,newton_s5,105,8.198227,21.8204,241136.0
newton,5,newton_s5,106,7.689102,22.0256,243360.0
newton,5,newton_s5,107,7.587849,22.2228,253527.0
newton,5,newton_s5,108,8.005857,22.4321,238657.0
newton,5,newton_s5,109,7.220735,22.6341,247294.0
newton,5,newton_s5,110,7.248839,22.8389,243950.0
newton,5,newton_s5,111,8.715159,23.0458,241460.0
newton,5,newton_s5,112,9.101143,23.2513,243114.0
newton,5,newton_s5,113,9.289311,23.4605,238742.0
newton,5,newton_s5,114,9.594704,23.6668,242087.0
newton,5,newton_s5,115,9.322954,23.8749,240022.0
newton,5,newton_s5,116,9.031419,24.0812,242314.0
newton,5,newton_s5,117,9.244075,24.2902,239274.0
newton,5,newton_s5,118,8.646896,24.4939,245803.0
newton,5,newton_s5,119,7.969416,24.7024,239911.0
newton,5,newton_s5,120,8.464827,24.9160,234218.0
newton,5,newton_s5,121,9.375941,25.1225,241916.0
newton,5,newton_s5,122,9.893169,25.3302,240693.0
newton,5,newton_s5,123,9.744273,25.5412,236923.0
newton,5,newton_s5,124,8.901589,25.7522,236853.0
newton,5,newton_s5,125,8.529231,25.9611,239263.0
newton,5,newton_s5,126,8.892007,26.1638,246690.0
newton,5,newton_s5,127,9.501149,26.3659,247190.0
newton,5,newton_s5,128,10.450180,26.5716,243034.0
newton,5,newton_s5,129,9.988549,26.7823,237213.0
newton,5,newton_s5,130,9.208375,26.9931,237056.0
newton,5,newton_s5,131,10.646029,27.2071,240531.0
newton,5,newton_s5,132,11.054408,27.4145,240896.0
newton,5,newton_s5,133,9.804108,27.6254,236837.0
newton,5,newton_s5,134,9.709883,27.8346,238785.0
newton,5,newton_s5,135,10.524078,28.0444,238196.0
newton,5,newton_s5,136,10.167399,28.2540,238358.0
newton,5,newton_s5,137,11.858644,28.4654,236275.0
newton,5,newton_s5,138,11.293971,28.6705,243501.0
newton,5,newton_s5,139,10.758508,28.8800,238485.0
newton,5,newton_s5,140,10.476130,29.0868,241408.0
newton,5,newton_s5,141,10.553052,29.2945,240527.0
newton,5,newton_s5,142,11.400632,29.5052,237334.0
newton,5,newton_s5,143,11.334108,29.7145,239069.0
newton,5,newton_s5,144,10.984600,29.9229,240197.0
newton,5,newton_s5,145,11.244449,30.1302,241055.0
newton,5,newton_s5,146,11.702063,30.3368,241949.0
newton,5,newton_s5,147,10.413858,30.5461,238584.0
newton,5,newton_s5,148,10.832272,30.7523,242635.0
newton,5,newton_s5,149,11.648404,30.9543,247500.0
newton,5,newton_s5,150,11.233133,31.1621,240589.0
newton,5,newton_s5,151,10.590822,31.3730,239337.0
newton,5,newton_s5,152,11.391116,31.5788,242784.0
newton,5,newton_s5,153,12.072037,31.7913,235133.0
newton,5,newton_s5,154,11.980167,31.9990,240549.0
newton,5,newton_s5,155,13.032269,32.2154,237992.0
newton,5,newton_s5,156,12.335340,32.4250,238718.0
newton,5,newton_s5,157,12.097622,32.6355,237303.0
newton,5,newton_s5,158,11.056905,32.8449,238953.0
newton,5,newton_s5,159,11.556966,33.0513,241943.0
newton,5,newton_s5,160,11.737933,33.2585,240977.0
newton,5,newton_s5,161,10.785457,33.4704,235792.0
newton,5,newton_s5,162,10.995908,33.6790,239852.0
newton,5,newton_s5,163,11.408228,33.8851,242845.0
newton,5,newton_s5,164,11.541425,34.0936,239834.0
newton,5,newton_s5,165,11.549731,34.3051,236123.0
newton,5,newton_s5,166,12.138442,34.5111,242388.0
newton,5,newton_s5,167,11.672543,34.7167,242894.0
newton,5,newton_s5,168,12.150668,34.9205,245060.0
newton,5,newton_s5,169,12.233538,35.1265,242584.0
newton,5,newton_s5,170,12.442798,35.3352,239399.0
newton,5,newton_s5,171,12.325200,35.5458,237270.0
newton,5,newton_s5,172,13.833163,35.7576,235981.0
newton,5,newton_s5,173,13.038567,35.9679,237772.0
newton,5,newton_s5,174,12.403097,36.1765,239482.0
newton,5,newton_s5,175,12.355438,36.3869,237421.0
newton,5,newton_s5,176,12.118873,36.5989,235872.0
newton,5,newton_s5,177,10.756832,36.8081,239123.0
newton,5,newton_s5,178,12.264520,37.0189,236980.0
newton,5,newton_s5,179,12.944306,37.2361,237606.0
newton,5,newton_s5,180,12.892694,37.4448,239390.0
newton,5,newton_s5,181,12.252332,37.6561,236452.0
newton,5,newton_s5,182,12.271636,37.8663,237690.0
newton,5,newton_s5,183,12.693011,38.0751,239418.0
newton,5,newton_s5,184,12.696163,38.2848,238258.0
newton,5,newton_s5,185,12.472037,38.4927,240357.0
newton,5,newton_s5,186,13.547815,38.7028,237999.0
newton,5,newton_s5,187,12.407278,38.9116,240025.0
newton,5,newton_s5,188,13.332132,39.1211,238453.0
newton,5,newton_s5,189,14.335304,39.3253,244754.0
newton,5,newton_s5,190,13.106265,39.5307,243158.0
newton,5,newton_s5,191,13.412806,39.7361,243114.0
newton,5,newton_s5,192,13.074800,39.9422,242448.0
newton,5,newton_s5,193,13.673845,40.1482,242449.0
newton,5,newton_s5,194,14.479246,40.3562,240333.0
newton,5,newton_s5,195,14.438188,40.5685,235263.0
newton,5,newton_s5,196,14.775467,40.7763,240533.0
newton,5,newton_s5,197,14.842538,40.9850,239376.0
newton,5,newton_s5,198,13.819502,41.1952,237744.0
newton,5,newton_s5,199,13.243143,41.4026,240831.0
newton,5,newton_s5,200,14.635041,41.6111,239591.0
newton,5,newton_s5,201,15.673523,41.8200,242051.0
newton,5,newton_s5,202,15.991044,42.0283,240093.0
newton,5,newton_s5,203,15.193897,42.2491,233619.0
newton,5,newton_s5,204,14.827302,42.4567,240950.0
newton,5,newton_s5,205,14.616794,42.6650,239694.0
newton,5,newton_s5,206,13.957148,42.8768,235880.0
newton,5,newton_s5,207,14.471475,43.0869,237655.0
newton,5,newton_s5,208,14.537861,43.2991,235444.0
newton,5,newton_s5,209,14.215064,43.5047,243092.0
newton,5,newton_s5,210,13.879129,43.7091,244239.0
newton,5,newton_s5,211,14.044200,43.9145,243211.0
newton,5,newton_s5,212,14.969476,44.1250,237390.0
newton,5,newton_s5,213,14.977826,44.3386,233807.0
newton,5,newton_s5,214,15.002178,44.5454,241624.0
newton,5,newton_s5,215,15.057413,44.7584,234642.0
newton,5,newton_s5,216,15.380019,44.9689,237155.0
newton,5,newton_s5,217,16.364113,45.1802,236395.0
newton,5,newton_s5,218,15.627364,45.3927,234976.0
newton,5,newton_s5,219,16.010326,45.5985,242639.0
newton,5,newton_s5,220,16.728460,45.8130,232661.0
newton,5,newton_s5,221,16.239183,46.0244,236251.0
newton,5,newton_s5,222,16.245401,46.2372,234720.0
newton,5,newton_s5,223,15.409311,46.4500,234944.0
newton,5,newton_s5,224,15.575713,46.6614,236254.0
newton,5,newton_s5,225,15.886244,46.8729,236211.0
newton,5,newton_s5,226,17.041906,47.0853,235339.0
newton,5,newton_s5,227,17.115253,47.3002,239518.0
newton,5,newton_s5,228,17.519922,47.5135,234519.0
newton,5,newton_s5,229,17.628271,47.7194,242612.0
newton,5,newton_s5,230,16.903135,47.9317,235230.0
newton,5,newton_s5,231,16.302341,48.1422,237362.0
newton,5,newton_s5,232,16.022753,48.3448,246685.0
newton,5,newton_s5,233,15.536448,48.5586,233796.0
newton,5,newton_s5,234,15.167793,48.7647,242440.0
newton,5,newton_s5,235,15.418078,48.9720,240973.0
newton,5,newton_s5,236,16.928589,49.1814,238606.0
newton,5,newton_s5,237,17.115347,49.3904,239021.0
newton,5,newton_s5,238,17.658419,49.6010,237250.0
newton,5,newton_s5,239,17.583036,49.8107,238356.0
newton,5,newton_s5,240,17.589882,50.0228,235528.0
newton,5,newton_s5,241,18.374569,50.2319,239064.0
newton,5,newton_s5,242,17.527342,50.4428,236684.0
newton,5,newton_s5,243,16.227848,50.6491,242179.0
newton,5,newton_s5,244,16.536989,50.8603,236534.0
newton,5,newton_s5,245,18.953268,51.0755,232267.0
newton,5,newton_s5,246,19.502092,51.2835,240210.0
newton,5,newton_s5,247,18.813803,51.4922,239292.0
newton,5,newton_s5,248,17.965696,51.7028,237087.0
newton,5,newton_s5,249,17.403028,51.9141,236547.0
newton,5,newton_s5,250,18.234066,52.1211,241333.0
newton,5,newton_s5,251,18.306534,52.3338,244694.0
newton,5,newton_s5,252,17.214584,52.5411,241558.0
newton,5,newton_s5,253,17.574274,52.7483,241129.0
newton,5,newton_s5,254,19.401783,52.9597,236322.0
newton,5,newton_s5,255,18.930346,53.1710,236395.0
newton,5,newton_s5,256,19.908934,53.3812,237511.0
newton,5,newton_s5,257,19.295481,53.5915,237575.0
newton,5,newton_s5,258,19.187912,53.8042,234832.0
newton,5,newton_s5,259,19.480188,54.0137,238504.0
newton,5,newton_s5,260,18.936247,54.2215,240478.0
newton,5,newton_s5,261,19.632452,54.4330,236299.0
newton,5,newton_s5,262,20.655195,54.6472,233148.0
newton,5,newton_s5,263,20.512796,54.8540,241712.0
newton,5,newton_s5,264,19.667356,55.0678,233504.0
newton,5,newton_s5,265,18.442949,55.2774,238412.0
newton,5,newton_s5,266,18.923531,55.4865,238953.0
newton,5,newton_s5,267,19.829464,55.6975,236956.0
newton,5,newton_s5,268,19.269564,55.9082,237129.0
newton,5,newton_s5,269,19.906519,56.1160,240421.0
newton,5,newton_s5,270,20.261217,56.3258,238099.0
newton,5,newton_s5,271,20.056204,56.5340,240213.0
newton,5,newton_s5,272,20.389027,56.7421,240240.0
newton,5,newton_s5,273,20.812727,56.9501,240184.0
newton,5,newton_s5,274,20.724741,57.1536,245602.0
newton,5,newton_s5,275,21.117952,57.3674,240845.0
newton,5,newton_s5,276,21.499416,57.5752,240781.0
newton,5,newton_s5,277,21.256262,57.7795,244608.0
newton,5,newton_s5,278,21.552139,57.9914,235723.0
newton,5,newton_s5,279,21.736956,58.1972,242758.0
newton,5,newton_s5,280,22.196131,58.4046,241021.0
newton,5,newton_s5,281,22.988693,58.6142,238272.0
newton,5,newton_s5,282,22.504622,58.8246,237404.0
newton,5,newton_s5,283,21.387390,59.0317,241335.0
newton,5,newton_s5,284,21.384636,59.2386,241301.0
newton,5,newton_s5,285,22.044922,59.4456,241277.0
newton,5,newton_s5,286,22.159698,59.6585,234462.0
newton,5,newton_s5,287,22.993629,59.8649,241964.0
newton,5,newton_s5,288,23.617500,60.0732,239953.0
newton,5,newton_s5,289,23.759834,60.2800,241689.0
newton,5,newton_s5,290,23.871603,60.4916,236133.0
newton,5,newton_s5,291,23.946474,60.6979,242119.0
newton,5,newton_s5,292,23.483013,60.9035,243396.0
newton,5,newton_s5,293,22.906170,61.1103,241526.0
newton,5,newton_s5,294,23.250458,61.3117,248167.0
newton,5,newton_s5,295,23.101820,61.5198,240028.0
newton,5,newton_s5,296,23.295786,61.7294,238327.0
newton,5,newton_s5,297,23.912951,61.9375,239957.0
newton,5,newton_s5,298,24.027256,62.1489,236331.0
newton,5,newton_s5,299,24.254538,62.3587,238374.0
newton,6,newton_s6,0,-0.537196,0.0000,48526.0
newton,6,newton_s6,1,-1.001525,0.2099,241922.0
newton,6,newton_s6,2,-1.707851,0.4163,242407.0
newton,6,newton_s6,3,-3.234681,0.6270,237445.0
newton,6,newton_s6,4,-4.806439,0.8414,233272.0
newton,6,newton_s6,5,-5.441925,1.0533,236027.0
newton,6,newton_s6,6,-6.011758,1.2687,232299.0
newton,6,newton_s6,7,-6.009057,1.4814,235194.0
newton,6,newton_s6,8,-6.473944,1.6957,233496.0
newton,6,newton_s6,9,-6.387181,1.9066,237175.0
newton,6,newton_s6,10,-6.882706,2.1201,234243.0
newton,6,newton_s6,11,-7.129320,2.3305,237815.0
newton,6,newton_s6,12,-6.816933,2.5397,239260.0
newton,6,newton_s6,13,-7.029074,2.7511,236716.0
newton,6,newton_s6,14,-7.126398,2.9604,238992.0
newton,6,newton_s6,15,-6.941257,3.1662,242658.0
newton,6,newton_s6,16,-7.091744,3.3649,251855.0
newton,6,newton_s6,17,-7.496910,3.5671,247499.0
newton,6,newton_s6,18,-7.803620,3.7680,249048.0
newton,6,newton_s6,19,-8.296743,3.9706,246682.0
newton,6,newton_s6,20,-8.805532,4.1712,249042.0
newton,6,newton_s6,21,-8.727783,4.3693,252122.0
newton,6,newton_s6,22,-8.629712,4.5629,258045.0
newton,6,newton_s6,23,-8.589762,4.7584,255538.0
newton,6,newton_s6,24,-8.701706,4.9496,261232.0
newton,6,newton_s6,25,-8.534223,5.1438,257702.0
newton,6,newton_s6,26,-8.807467,5.3353,261450.0
newton,6,newton_s6,27,-8.703646,5.5341,251500.0
newton,6,newton_s6,28,-8.988537,5.7286,256920.0
newton,6,newton_s6,29,-8.810673,5.9280,250898.0
newton,6,newton_s6,30,-8.619772,6.1285,249734.0
newton,6,newton_s6,31,-8.529131,6.3254,253903.0
newton,6,newton_s6,32,-8.542650,6.5214,254990.0
newton,6,newton_s6,33,-8.220817,6.7120,262270.0
newton,6,newton_s6,34,-8.513514,6.9107,251446.0
newton,6,newton_s6,35,-8.048165,7.1055,256921.0
newton,6,newton_s6,36,-8.664757,7.3019,254488.0
newton,6,newton_s6,37,-8.412509,7.5011,250901.0
newton,6,newton_s6,38,-8.538157,7.6970,254897.0
newton,6,newton_s6,39,-8.542781,7.8895,259557.0
newton,6,newton_s6,40,-8.796972,8.0876,252168.0
newton,6,newton_s6,41,-8.575777,8.2813,258000.0
newton,6,newton_s6,42,-8.585065,8.4779,253994.0
newton,6,newton_s6,43,-8.442739,8.6765,251608.0
newton,6,newton_s6,44,-8.037521,8.8827,242327.0
newton,6,newton_s6,45,-5.804086,9.0957,234371.0
newton,6,newton_s6,46,-5.495532,9.3049,238730.0
newton,6,newton_s6,47,-4.238056,9.5155,237143.0
newton,6,newton_s6,48,-5.621971,9.7250,238327.0
newton,6,newton_s6,49,-3.254328,9.9338,239223.0
newton,6,newton_s6,50,-3.501101,10.1432,238547.0
newton,6,newton_s6,51,-3.656906,10.3556,237441.0
newton,6,newton_s6,52,-3.508569,10.5645,239270.0
newton,6,newton_s6,53,-2.089354,10.7716,241174.0
newton,6,newton_s6,54,-1.228204,10.9804,239352.0
newton,6,newton_s6,55,0.003846,11.1882,240682.0
newton,6,newton_s6,56,-0.013203,11.3942,243004.0
newton,6,newton_s6,57,-0.234259,11.5975,246216.0
newton,6,newton_s6,58,-1.194336,11.7938,254900.0
newton,6,newton_s6,59,-1.370602,11.9972,245997.0
newton,6,newton_s6,60,-0.029283,12.1973,250061.0
newton,6,newton_s6,61,0.337122,12.3946,253676.0
newton,6,newton_s6,62,1.527537,12.5943,251487.0
newton,6,newton_s6,63,2.142164,12.7900,255301.0
newton,6,newton_s6,64,2.201108,12.9821,260124.0
newton,6,newton_s6,65,2.600501,13.1781,254962.0
newton,6,newton_s6,66,3.296176,13.3717,258150.0
newton,6,newton_s6,67,3.344430,13.5659,257228.0
newton,6,newton_s6,68,3.654720,13.7679,247409.0
newton,6,newton_s6,69,3.737307,13.9633,256450.0
newton,6,newton_s6,70,3.493116,14.1564,258710.0
newton,6,newton_s6,71,3.769203,14.3575,248290.0
newton,6,newton_s6,72,3.714231,14.5532,255317.0
newton,6,newton_s6,73,3.680728,14.7490,255079.0
newton,6,newton_s6,74,3.403848,14.9405,260976.0
newton,6,newton_s6,75,3.462003,15.1327,259886.0
newton,6,newton_s6,76,3.714628,15.3279,255878.0
newton,6,newton_s6,77,3.576818,15.5210,259194.0
newton,6,newton_s6,78,3.354134,15.7213,249882.0
newton,6,newton_s6,79,4.023177,15.9175,255022.0
newton,6,newton_s6,80,4.356326,16.1129,256251.0
newton,6,newton_s6,81,5.030172,16.3028,263657.0
newton,6,newton_s6,82,5.582661,16.5002,253565.0
newton,6,newton_s6,83,5.822292,16.6907,262879.0
newton,6,newton_s6,84,6.259400,16.8858,256479.0
newton,6,newton_s6,85,6.390208,17.0890,246295.0
newton,6,newton_s6,86,5.451241,17.2965,241099.0
newton,6,newton_s6,87,6.019517,17.5045,240610.0
newton,6,newton_s6,88,6.114642,17.7139,239022.0
newton,6,newton_s6,89,6.990614,17.9244,237566.0
newton,6,newton_s6,90,6.833651,18.1353,237213.0
newton,6,newton_s6,91,6.934774,18.3457,237763.0
newton,6,newton_s6,92,7.392715,18.5558,237789.0
newton,6,newton_s6,93,6.378839,18.7740,232019.0
newton,6,newton_s6,94,6.937064,18.9917,236514.0
newton,6,newton_s6,95,6.564858,19.2001,240619.0
newton,6,newton_s6,96,6.560988,19.4098,238578.0
newton,6,newton_s6,97,6.636938,19.6189,238985.0
newton,6,newton_s6,98,7.378657,19.8258,241408.0
newton,6,newton_s6,99,7.810598,20.0283,246827.0
newton,6,newton_s6,100,7.623933,20.2290,248894.0
newton,6,newton_s6,101,7.394284,20.4320,248707.0
newton,6,newton_s6,102,8.023783,20.6361,245091.0
newton,6,newton_s6,103,8.132405,20.8362,250130.0
newton,6,newton_s6,104,7.875821,21.0357,251157.0
newton,6,newton_s6,105,7.889201,21.2354,250259.0
newton,6,newton_s6,106,7.100739,21.4275,260352.0
newton,6,newton_s6,107,7.162919,21.6176,262938.0
newton,6,newton_s6,108,8.055434,21.8089,261252.0
newton,6,newton_s6,109,8.494501,21.9942,269678.0
newton,6,newton_s6,110,8.674240,22.1933,251160.0
newton,6,newton_s6,111,8.866541,22.3865,259399.0
newton,6,newton_s6,112,9.563719,22.5843,252496.0
newton,6,newton_s6,113,9.549755,22.7838,250422.0
newton,6,newton_s6,114,9.104535,22.9827,251124.0
newton,6,newton_s6,115,8.937721,23.1761,258428.0
newton,6,newton_s6,116,9.363046,23.3724,254812.0
newton,6,newton_s6,117,9.749686,23.5679,255803.0
newton,6,newton_s6,118,8.841497,23.7656,253049.0
newton,6,newton_s6,119,8.753284,23.9584,259287.0
newton,6,newton_s6,120,9.212921,24.1655,244474.0
newton,6,newton_s6,121,8.473715,24.3644,251197.0
newton,6,newton_s6,122,8.872167,24.5624,252199.0
newton,6,newton_s6,123,8.874153,24.7564,257596.0
newton,6,newton_s6,124,9.199269,24.9497,258344.0
newton,6,newton_s6,125,8.824003,25.1444,256551.0
newton,6,newton_s6,126,8.866673,25.3448,249264.0
newton,6,newton_s6,127,8.807066,25.5479,245987.0
newton,6,newton_s6,128,10.234239,25.7576,238485.0
newton,6,newton_s6,129,8.665858,25.9682,237542.0
newton,6,newton_s6,130,9.967745,26.1805,235571.0
newton,6,newton_s6,131,10.204506,26.3940,234347.0
newton,6,newton_s6,132,8.895072,26.6071,234665.0
newton,6,newton_s6,133,8.913671,26.8202,234719.0
newton,6,newton_s6,134,10.465212,27.0345,233365.0
newton,6,newton_s6,135,10.080141,27.2483,233835.0
newton,6,newton_s6,136,10.456542,27.4604,235867.0
newton,6,newton_s6,137,9.718500,27.6722,235960.0
newton,6,newton_s6,138,9.628612,27.8850,235215.0
newton,6,newton_s6,139,8.535954,28.0938,239636.0
newton,6,newton_s6,140,9.339179,28.3037,238192.0
newton,6,newton_s6,141,9.963631,28.5051,248049.0
newton,6,newton_s6,142,10.161526,28.7119,241545.0
newton,6,newton_s6,143,9.415615,28.9159,244917.0
newton,6,newton_s6,144,9.741707,29.1201,244545.0
newton,6,newton_s6,145,10.397630,29.3223,247197.0
newton,6,newton_s6,146,10.853926,29.5231,248785.0
newton,6,newton_s6,147,11.508360,29.7172,257320.0
newton,6,newton_s6,148,12.052458,29.9146,253225.0
newton,6,newton_s6,149,11.746822,30.1045,263298.0
newton,6,newton_s6,150,11.420806,30.2977,259065.0
newton,6,newton_s6,151,11.228585,30.4924,260056.0
newton,6,newton_s6,152,10.759263,30.6919,250549.0
newton,6,newton_s6,153,10.378695,30.8866,256628.0
newton,6,newton_s6,154,10.445508,31.0883,247826.0
newton,6,newton_s6,155,10.590679,31.2899,247841.0
newton,6,newton_s6,156,10.915888,31.4892,250561.0
newton,6,newton_s6,157,11.094132,31.6838,256772.0
newton,6,newton_s6,158,11.371224,31.8761,259692.0
newton,6,newton_s6,159,10.879767,32.0781,247165.0
newton,6,newton_s6,160,10.988340,32.2722,257441.0
newton,6,newton_s6,161,10.454238,32.4678,255267.0
newton,6,newton_s6,162,10.014551,32.6700,247001.0
newton,6,newton_s6,163,9.801455,32.8754,243134.0
newton,6,newton_s6,164,9.803466,33.0721,254035.0
newton,6,newton_s6,165,10.205593,33.2700,252295.0
newton,6,newton_s6,166,10.491920,33.4696,250286.0
newton,6,newton_s6,167,10.723221,33.6682,251484.0
newton,6,newton_s6,168,10.691596,33.8691,248788.0
newton,6,newton_s6,169,9.885876,34.0798,238000.0
newton,6,newton_s6,170,11.381350,34.2928,234735.0
newton,6,newton_s6,171,11.792235,34.5052,235279.0
newton,6,newton_s6,172,11.216209,34.7202,232444.0
newton,6,newton_s6,173,11.740435,34.9330,234518.0
newton,6,newton_s6,174,11.380109,35.1459,235133.0
newton,6,newton_s6,175,11.230136,35.3592,234465.0
newton,6,newton_s6,176,11.021280,35.5734,233472.0
newton,6,newton_s6,177,12.378060,35.7851,236240.0
newton,6,newton_s6,178,12.400070,35.9948,238667.0
newton,6,newton_s6,179,11.560349,36.2088,233698.0
newton,6,newton_s6,180,12.286571,36.4184,238730.0
newton,6,newton_s6,181,11.663314,36.6268,240064.0
newton,6,newton_s6,182,10.567097,36.8340,241440.0
newton,6,newton_s6,183,10.345776,37.0410,241615.0
newton,6,newton_s6,184,10.717071,37.2485,241064.0
newton,6,newton_s6,185,11.103160,37.4517,246025.0
newton,6,newton_s6,186,11.688056,37.6532,248266.0
newton,6,newton_s6,187,10.864901,37.8587,243460.0
newton,6,newton_s6,188,10.936545,38.0575,251787.0
newton,6,newton_s6,189,11.788428,38.2534,255284.0
newton,6,newton_s6,190,11.384830,38.4469,258273.0
newton,6,newton_s6,191,11.970687,38.6396,259453.0
newton,6,newton_s6,192,11.822555,38.8310,261074.0
newton,6,newton_s6,193,12.056032,39.0294,251953.0
newton,6,newton_s6,194,12.033592,39.2235,257607.0
newton,6,newton_s6,195,11.734051,39.4159,259844.0
newton,6,newton_s6,196,11.738711,39.6240,239991.0
newton,6,newton_s6,197,12.438725,39.8234,250594.0
newton,6,newton_s6,198,12.569785,40.0213,253251.0
newton,6,newton_s6,199,12.470385,40.2232,247330.0
newton,6,newton_s6,200,12.351879,40.4193,254855.0
newton,6,newton_s6,201,12.134806,40.6354,233834.0
newton,6,newton_s6,202,11.716478,40.8332,252715.0
newton,6,newton_s6,203,11.964757,41.0374,244564.0
newton,6,newton_s6,204,11.582262,41.2348,253095.0
newton,6,newton_s6,205,11.340468,41.4354,249092.0
newton,6,newton_s6,206,12.071117,41.6289,258155.0
newton,6,newton_s6,207,12.095871,41.8297,248722.0
newton,6,newton_s6,208,11.764636,42.0225,259217.0
newton,6,newton_s6,209,11.774526,42.2224,249782.0
newton,6,newton_s6,210,11.270485,42.4263,244801.0
newton,6,newton_s6,211,11.930014,42.6330,241539.0
newton,6,newton_s6,212,13.607939,42.8445,236048.0
newton,6,newton_s6,213,13.852078,43.0579,234197.0
newton,6,newton_s6,214,12.933309,43.2717,233919.0
newton,6,newton_s6,215,13.453093,43.4875,231495.0
newton,6,newton_s6,216,12.618314,43.7006,234372.0
newton,6,newton_s6,217,11.802223,43.9129,235158.0
newton,6,newton_s6,218,13.073183,44.1262,233958.0
newton,6,newton_s6,219,13.657434,44.3385,235283.0
newton,6,newton_s6,220,13.025634,44.5494,236781.0
newton,6,newton_s6,221,13.170665,44.7619,235039.0
newton,6,newton_s6,222,12.719351,44.9724,238724.0
newton,6,newton_s6,223,12.627844,45.1800,240572.0
newton,6,newton_s6,224,13.753597,45.3866,241669.0
newton,6,newton_s6,225,13.807798,45.5981,236198.0
newton,6,newton_s6,226,13.729214,45.8011,246162.0
newton,6,newton_s6,227,13.232911,46.0122,236516.0
newton,6,newton_s6,228,13.099745,46.2095,253290.0
newton,6,newton_s6,229,13.104870,46.4170,240570.0
newton,6,newton_s6,230,13.565830,46.6198,246478.0
newton,6,newton_s6,231,13.378691,46.8172,253087.0
newton,6,newton_s6,232,13.453953,47.0107,258209.0
newton,6,newton_s6,233,12.775924,47.2092,252113.0
newton,6,newton_s6,234,12.454616,47.3968,267298.0
newton,6,newton_s6,235,12.841320,47.5975,249364.0
newton,6,newton_s6,236,12.804332,47.7928,256072.0
newton,6,newton_s6,237,12.651039,47.9968,244983.0
newton,6,newton_s6,238,13.708682,48.1982,248144.0
newton,6,newton_s6,239,13.846066,48.3976,250561.0
newton,6,newton_s6,240,14.001368,48.6009,253729.0
newton,6,newton_s6,241,14.804920,48.7996,252422.0
newton,6,newton_s6,242,14.038295,48.9983,251403.0
newton,6,newton_s6,243,13.906191,49.1956,253243.0
newton,6,newton_s6,244,13.718195,49.3898,257270.0
newton,6,newton_s6,245,13.616217,49.5925,246295.0
newton,6,newton_s6,246,13.491080,49.7894,253821.0
newton,6,newton_s6,247,13.930836,49.9885,250854.0
newton,6,newton_s6,248,14.186695,50.1882,250072.0
newton,6,newton_s6,249,13.863270,50.3839,255311.0
newton,6,newton_s6,250,13.762538,50.5812,253197.0
newton,6,newton_s6,251,14.851057,50.7853,247263.0
newton,6,newton_s6,252,14.607800,50.9896,244517.0
newton,6,newton_s6,253,14.249835,51.2009,236325.0
newton,6,newton_s6,254,14.742425,51.4117,236948.0
newton,6,newton_s6,255,15.728130,51.6230,236436.0
newton,6,newton_s6,256,14.315594,51.8351,235349.0
newton,6,newton_s6,257,14.026263,52.0470,235603.0
newton,6,newton_s6,258,15.314058,52.2595,235038.0
newton,6,newton_s6,259,13.838263,52.4717,235281.0
newton,6,newton_s6,260,14.708108,52.6833,235934.0
newton,6,newton_s6,261,14.976744,52.8955,235353.0
newton,6,newton_s6,262,14.329315,53.1055,237823.0
newton,6,newton_s6,263,14.219615,53.3158,237407.0
newton,6,newton_s6,264,14.226595,53.5252,238437.0
newton,6,newton_s6,265,15.923292,53.7405,239177.0
newton,6,newton_s6,266,16.628386,53.9449,244733.0
newton,6,newton_s6,267,15.189724,54.1518,241246.0
newton,6,newton_s6,268,14.130932,54.3537,247453.0
newton,6,newton_s6,269,14.314653,54.5547,248460.0
newton,6,newton_s6,270,14.973058,54.7542,250270.0
newton,6,newton_s6,271,15.341967,54.9554,248278.0
newton,6,newton_s6,272,15.438020,55.1508,255791.0
newton,6,newton_s6,273,14.718764,55.3478,253509.0
newton,6,newton_s6,274,14.291082,55.5432,255628.0
newton,6,newton_s6,275,14.407614,55.7363,258820.0
newton,6,newton_s6,276,13.577317,55.9289,259381.0
newton,6,newton_s6,277,14.642082,56.1270,252273.0
newton,6,newton_s6,278,14.854901,56.3222,255802.0
newton,6,newton_s6,279,15.622356,56.5245,246859.0
newton,6,newton_s6,280,15.520770,56.7250,249171.0
newton,6,newton_s6,281,16.496300,56.9238,251337.0
newton,6,newton_s6,282,15.892620,57.1225,251510.0
newton,6,newton_s6,283,15.912571,57.3182,255181.0
newton,6,newton_s6,284,15.962468,57.5223,244712.0
newton,6,newton_s6,285,15.536364,57.7160,257875.0
newton,6,newton_s6,286,15.641994,57.9142,251950.0
newton,6,newton_s6,287,15.636188,58.1144,249530.0
newton,6,newton_s6,288,16.450052,58.3116,253402.0
newton,6,newton_s6,289,16.911177,58.5112,250307.0
newton,6,newton_s6,290,16.500530,58.7094,252065.0
newton,6,newton_s6,291,17.080240,58.9023,259047.0
newton,6,newton_s6,292,16.713053,59.1019,250239.0
newton,6,newton_s6,293,16.793739,59.3033,248053.0
newton,6,newton_s6,294,16.674438,59.5103,241105.0
newton,6,newton_s6,295,16.857851,59.7225,235332.0
newton,6,newton_s6,296,16.660494,59.9341,236066.0
newton,6,newton_s6,297,19.178171,60.1461,235433.0
newton,6,newton_s6,298,18.157084,60.3577,236034.0
newton,6,newton_s6,299,16.769825,60.5707,234421.0
newton,7,newton_s7,0,-0.552969,0.0000,47079.0
newton,7,newton_s7,1,-1.007030,0.2146,236590.0
newton,7,newton_s7,2,-1.572437,0.4217,241674.0
newton,7,newton_s7,3,-2.369642,0.6285,242030.0
newton,7,newton_s7,4,-3.684875,0.8395,237084.0
newton,7,newton_s7,5,-4.674286,1.0503,237120.0
newton,7,newton_s7,6,-4.452578,1.2619,236572.0
newton,7,newton_s7,7,-5.072667,1.4714,238845.0
newton,7,newton_s7,8,-4.982322,1.6835,235751.0
newton,7,newton_s7,9,-5.213171,1.8915,240595.0
newton,7,newton_s7,10,-5.471039,2.0999,240228.0
newton,7,newton_s7,11,-5.382756,2.3081,240245.0
newton,7,newton_s7,12,-5.625652,2.5213,242403.0
newton,7,newton_s7,13,-5.969472,2.7278,242319.0
newton,7,newton_s7,14,-6.059905,2.9362,240022.0
newton,7,newton_s7,15,-6.831350,3.1429,242300.0
newton,7,newton_s7,16,-6.871831,3.3489,242951.0
newton,7,newton_s7,17,-6.498004,3.5555,242392.0
newton,7,newton_s7,18,-6.207412,3.7576,247569.0
newton,7,newton_s7,19,-6.189065,3.9647,241774.0
newton,7,newton_s7,20,-6.656240,4.1714,242151.0
newton,7,newton_s7,21,-7.169703,4.3737,247371.0
newton,7,newton_s7,22,-7.379710,4.5757,247678.0
newton,7,newton_s7,23,-7.343739,4.7736,253020.0
newton,7,newton_s7,24,-7.467986,4.9817,240375.0
newton,7,newton_s7,25,-6.775998,5.1859,245318.0
newton,7,newton_s7,26,-6.887592,5.3930,241673.0
newton,7,newton_s7,27,-7.974670,5.5987,243261.0
newton,7,newton_s7,28,-7.738915,5.8009,247730.0
newton,7,newton_s7,29,-7.450365,6.0035,247023.0
newton,7,newton_s7,30,-7.534727,6.2080,244645.0
newton,7,newton_s7,31,-7.328141,6.4135,243621.0
newton,7,newton_s7,32,-7.681303,6.6171,245371.0
newton,7,newton_s7,33,-8.149754,6.8284,236496.0
newton,7,newton_s7,34,-8.465218,7.0367,239751.0
newton,7,newton_s7,35,-7.837170,7.2379,248307.0
newton,7,newton_s7,36,-7.687220,7.4426,244107.0
newton,7,newton_s7,37,-7.680386,7.6516,246631.0
newton,7,newton_s7,38,-7.362904,7.8521,249533.0
newton,7,newton_s7,39,-7.065877,8.0565,244336.0
newton,7,newton_s7,40,-7.312192,8.2610,244583.0
newton,7,newton_s7,41,-6.414687,8.4634,246800.0
newton,7,newton_s7,42,-6.550590,8.6706,241040.0
newton,7,newton_s7,43,-6.129818,8.8827,235530.0
newton,7,newton_s7,44,-5.166352,9.0953,234894.0
newton,7,newton_s7,45,-4.709822,9.3020,241646.0
newton,7,newton_s7,46,-3.054404,9.5093,240928.0
newton,7,newton_s7,47,-3.644285,9.7166,240920.0
newton,7,newton_s7,48,-3.753922,9.9256,238981.0
newton,7,newton_s7,49,-2.340164,10.1323,241575.0
newton,7,newton_s7,50,-1.863214,10.3382,242628.0
newton,7,newton_s7,51,-1.959091,10.5444,244937.0
newton,7,newton_s7,52,-1.918101,10.7501,242758.0
newton,7,newton_s7,53,-1.271774,10.9517,247872.0
newton,7,newton_s7,54,-0.883431,11.1566,243776.0
newton,7,newton_s7,55,-0.189008,11.3648,239863.0
newton,7,newton_s7,56,0.205187,11.5682,245648.0
newton,7,newton_s7,57,0.347697,11.7738,242929.0
newton,7,newton_s7,58,0.783062,11.9806,241539.0
newton,7,newton_s7,59,0.793410,12.1802,250286.0
newton,7,newton_s7,60,0.996158,12.3857,243156.0
newton,7,newton_s7,61,1.138529,12.5924,241718.0
newton,7,newton_s7,62,1.700956,12.8050,242131.0
newton,7,newton_s7,63,2.019064,13.0028,253002.0
newton,7,newton_s7,64,2.574653,13.2043,247870.0
newton,7,newton_s7,65,2.302210,13.4018,253010.0
newton,7,newton_s7,66,2.923620,13.6087,241447.0
newton,7,newton_s7,67,2.691571,13.8109,247075.0
newton,7,newton_s7,68,2.431000,14.0162,243235.0
newton,7,newton_s7,69,4.234627,14.2213,243618.0
newton,7,newton_s7,70,5.886819,14.4234,247144.0
newton,7,newton_s7,71,6.310191,14.6247,248134.0
newton,7,newton_s7,72,5.934274,14.8286,244894.0
newton,7,newton_s7,73,5.871739,15.0316,246107.0
newton,7,newton_s7,74,5.593851,15.2424,237094.0
newton,7,newton_s7,75,5.187563,15.4522,238219.0
newton,7,newton_s7,76,4.718731,15.6612,239172.0
newton,7,newton_s7,77,3.904829,15.8626,248037.0
newton,7,newton_s7,78,4.602895,16.0665,244997.0
newton,7,newton_s7,79,4.381754,16.2721,243123.0
newton,7,newton_s7,80,5.234192,16.4766,244532.0
newton,7,newton_s7,81,5.061936,16.6800,245874.0
newton,7,newton_s7,82,5.265646,16.8813,248395.0
newton,7,newton_s7,83,5.470674,17.0886,241069.0
newton,7,newton_s7,84,5.120852,17.2941,243344.0
newton,7,newton_s7,85,5.562535,17.5033,238771.0
newton,7,newton_s7,86,6.993750,17.7092,242937.0
newton,7,newton_s7,87,7.016203,17.9244,239261.0
newton,7,newton_s7,88,4.606714,18.1320,240867.0
newton,7,newton_s7,89,5.911690,18.3424,237603.0
newton,7,newton_s7,90,6.826477,18.5514,239196.0
newton,7,newton_s7,91,6.423833,18.7602,239384.0
newton,7,newton_s7,92,6.203444,18.9667,242422.0
newton,7,newton_s7,93,6.489557,19.1722,243110.0
newton,7,newton_s7,94,5.727654,19.3798,240613.0
newton,7,newton_s7,95,5.812746,19.5835,245209.0
newton,7,newton_s7,96,6.828420,19.7900,241959.0
newton,7,newton_s7,97,7.132158,19.9982,240032.0
newton,7,newton_s7,98,6.436224,20.2053,241408.0
newton,7,newton_s7,99,6.938794,20.4102,243986.0
newton,7,newton_s7,100,8.451159,20.6174,241371.0
newton,7,newton_s7,101,8.692212,20.8246,243802.0
newton,7,newton_s7,102,8.047062,21.0295,243938.0
newton,7,newton_s7,103,7.112437,21.2399,237648.0
newton,7,newton_s7,104,7.880265,21.4447,244146.0
newton,7,newton_s7,105,7.972679,21.6466,247688.0
newton,7,newton_s7,106,8.329251,21.8499,245924.0
newton,7,newton_s7,107,8.376537,22.0495,250393.0
newton,7,newton_s7,108,8.898670,22.2598,237629.0
newton,7,newton_s7,109,7.882403,22.4634,245644.0
newton,7,newton_s7,110,8.024858,22.6684,243995.0
newton,7,newton_s7,111,8.209249,22.8728,244492.0
newton,7,newton_s7,112,7.540628,23.0753,246978.0
newton,7,newton_s7,113,7.425597,23.2823,241518.0
newton,7,newton_s7,114,7.439283,23.4866,244679.0
newton,7,newton_s7,115,8.435884,23.6902,245452.0
newton,7,newton_s7,116,9.164629,23.8998,238253.0
newton,7,newton_s7,117,9.045538,24.1077,240678.0
newton,7,newton_s7,118,8.243403,24.3181,237331.0
newton,7,newton_s7,119,8.155321,24.5220,244922.0
newton,7,newton_s7,120,8.189635,24.7259,245010.0
newton,7,newton_s7,121,9.112159,24.9278,247354.0
newton,7,newton_s7,122,9.552808,25.1345,241493.0
newton,7,newton_s7,123,9.134408,25.3351,249031.0
newton,7,newton_s7,124,8.447782,25.5415,241904.0
newton,7,newton_s7,125,8.636374,25.7520,237274.0
newton,7,newton_s7,126,8.493423,25.9585,241811.0
newton,7,newton_s7,127,8.526444,26.1670,239636.0
newton,7,newton_s7,128,8.242815,26.3737,241677.0
newton,7,newton_s7,129,9.163399,26.5862,235017.0
newton,7,newton_s7,130,8.551484,26.7959,238103.0
newton,7,newton_s7,131,9.484418,27.0086,234811.0
newton,7,newton_s7,132,9.877770,27.2181,238353.0
newton,7,newton_s7,133,10.045382,27.4286,237281.0
newton,7,newton_s7,134,8.858168,27.6388,237523.0
newton,7,newton_s7,135,9.217260,27.8452,242029.0
newton,7,newton_s7,136,9.455980,28.0534,239834.0
newton,7,newton_s7,137,9.147809,28.2619,239647.0
newton,7,newton_s7,138,9.923108,28.4718,238186.0
newton,7,newton_s7,139,9.411144,28.6820,237710.0
newton,7,newton_s7,140,9.500942,28.8913,238724.0
newton,7,newton_s7,141,9.936668,29.1031,235912.0
newton,7,newton_s7,142,9.914481,29.3128,238117.0
newton,7,newton_s7,143,9.171494,29.5181,243572.0
newton,7,newton_s7,144,8.809245,29.7291,236722.0
newton,7,newton_s7,145,9.194438,29.9449,231360.0
newton,7,newton_s7,146,9.244047,30.1517,241576.0
newton,7,newton_s7,147,9.127811,30.3548,245861.0
newton,7,newton_s7,148,9.276823,30.5579,245899.0
newton,7,newton_s7,149,10.084742,30.7693,236572.0
newton,7,newton_s7,150,9.980679,30.9772,240259.0
newton,7,newton_s7,151,10.657796,31.1887,238763.0
newton,7,newton_s7,152,10.324445,31.3969,240298.0
newton,7,newton_s7,153,9.186308,31.6021,243636.0
newton,7,newton_s7,154,9.714262,31.8082,242508.0
newton,7,newton_s7,155,9.553000,32.0181,238227.0
newton,7,newton_s7,156,10.079320,32.2268,239412.0
newton,7,newton_s7,157,10.373422,32.4335,241785.0
newton,7,newton_s7,158,10.568894,32.6441,237111.0
newton,7,newton_s7,159,10.985660,32.8499,242646.0
newton,7,newton_s7,160,10.414557,33.0513,247929.0
newton,7,newton_s7,161,10.207265,33.2639,243555.0
newton,7,newton_s7,162,10.220328,33.4674,245521.0
newton,7,newton_s7,163,9.924506,33.6712,245097.0
newton,7,newton_s7,164,10.067107,33.8790,240330.0
newton,7,newton_s7,165,9.974855,34.0839,243746.0
newton,7,newton_s7,166,11.342267,34.2893,243138.0
newton,7,newton_s7,167,10.607946,34.5001,236935.0
newton,7,newton_s7,168,11.231300,34.7069,241446.0
newton,7,newton_s7,169,11.461024,34.9161,238765.0
newton,7,newton_s7,170,10.812953,35.1254,238504.0
newton,7,newton_s7,171,11.830650,35.3374,235608.0
newton,7,newton_s7,172,9.697447,35.5482,236950.0
newton,7,newton_s7,173,8.659298,35.7596,236162.0
newton,7,newton_s7,174,10.675091,35.9732,233792.0
newton,7,newton_s7,175,9.944773,36.1819,239359.0
newton,7,newton_s7,176,10.397237,36.3905,239429.0
newton,7,newton_s7,177,10.017907,36.6000,238319.0
newton,7,newton_s7,178,9.563360,36.8047,243909.0
newton,7,newton_s7,179,10.325753,37.0135,239172.0
newton,7,newton_s7,180,11.227638,37.2251,236021.0
newton,7,newton_s7,181,11.631176,37.4326,240739.0
newton,7,newton_s7,182,11.890136,37.6424,238022.0
newton,7,newton_s7,183,10.828620,37.8520,238215.0
newton,7,newton_s7,184,10.950570,38.0613,246219.0
newton,7,newton_s7,185,11.433328,38.2691,240661.0
newton,7,newton_s7,186,11.797977,38.4779,239129.0
newton,7,newton_s7,187,11.674676,38.6891,236479.0
newton,7,newton_s7,188,10.863235,38.8889,250417.0
newton,7,newton_s7,189,11.083915,39.0921,245963.0
newton,7,newton_s7,190,10.861322,39.2946,246896.0
newton,7,newton_s7,191,11.337763,39.5041,238416.0
newton,7,newton_s7,192,10.607542,39.7105,242150.0
newton,7,newton_s7,193,10.341504,39.9213,237028.0
newton,7,newton_s7,194,10.937410,40.1280,241598.0
newton,7,newton_s7,195,11.142594,40.3333,243260.0
newton,7,newton_s7,196,11.149348,40.5384,243511.0
newton,7,newton_s7,197,11.982338,40.7476,238661.0
newton,7,newton_s7,198,12.261690,40.9495,247269.0
newton,7,newton_s7,199,11.793477,41.1621,234904.0
newton,7,newton_s7,200,12.597018,41.3704,239674.0
newton,7,newton_s7,201,12.122470,41.5793,241714.0
newton,7,newton_s7,202,11.544757,41.7828,245483.0
newton,7,newton_s7,203,12.107998,41.9875,243927.0
newton,7,newton_s7,204,12.085045,42.1922,244042.0
newton,7,newton_s7,205,12.092975,42.3971,243695.0
newton,7,newton_s7,206,13.466315,42.6078,237571.0
newton,7,newton_s7,207,13.905457,42.8112,245509.0
newton,7,newton_s7,208,13.201203,43.0198,239627.0
newton,7,newton_s7,209,12.833820,43.2303,237416.0
newton,7,newton_s7,210,11.502234,43.4408,237501.0
newton,7,newton_s7,211,11.900588,43.6564,231721.0
newton,7,newton_s7,212,11.943239,43.8739,229670.0
newton,7,newton_s7,213,11.771626,44.0857,235927.0
newton,7,newton_s7,214,12.831533,44.3049,227981.0
newton,7,newton_s7,215,12.001326,44.5179,234365.0
newton,7,newton_s7,216,12.050972,44.7291,236546.0
newton,7,newton_s7,217,11.555900,44.9417,234823.0
newton,7,newton_s7,218,12.208924,45.1548,234205.0
newton,7,newton_s7,219,12.731364,45.3700,231943.0
newton,7,newton_s7,220,13.020740,45.5765,242069.0
newton,7,newton_s7,221,13.211431,45.7871,237189.0
newton,7,newton_s7,222,12.940525,45.9959,239067.0
newton,7,newton_s7,223,13.156640,46.2031,241093.0
newton,7,newton_s7,224,12.533466,46.4100,241360.0
newton,7,newton_s7,225,11.891681,46.6245,232684.0
newton,7,newton_s7,226,12.773665,46.8331,239373.0
newton,7,newton_s7,227,13.439681,47.0456,234886.0
newton,7,newton_s7,228,12.786270,47.2584,234774.0
newton,7,newton_s7,229,12.700073,47.4712,234493.0
newton,7,newton_s7,230,12.955381,47.6761,243853.0
newton,7,newton_s7,231,13.972739,47.8880,235577.0
newton,7,newton_s7,232,13.517400,48.1024,240082.0
newton,7,newton_s7,233,14.208151,48.3149,235659.0
newton,7,newton_s7,234,14.638776,48.5236,239243.0
newton,7,newton_s7,235,13.998848,48.7401,230594.0
newton,7,newton_s7,236,14.385962,48.9516,236072.0
newton,7,newton_s7,237,13.806596,49.1615,237879.0
newton,7,newton_s7,238,13.482240,49.3676,242379.0
newton,7,newton_s7,239,14.056718,49.5777,237615.0
newton,7,newton_s7,240,14.112005,49.7898,235412.0
newton,7,newton_s7,241,13.113378,50.0095,227155.0
newton,7,newton_s7,242,14.446329,50.2195,237834.0
newton,7,newton_s7,243,15.987957,50.4279,239583.0
newton,7,newton_s7,244,14.652304,50.6386,236968.0
newton,7,newton_s7,245,13.619253,50.8507,235489.0
newton,7,newton_s7,246,13.093117,51.0604,238122.0
newton,7,newton_s7,247,13.626808,51.2743,233326.0
newton,7,newton_s7,248,13.905664,51.4826,239686.0
newton,7,newton_s7,249,14.578198,51.6959,234493.0
newton,7,newton_s7,250,14.115667,51.9038,240249.0
newton,7,newton_s7,251,13.848149,52.1140,240241.0
newton,7,newton_s7,252,13.500558,52.3246,237165.0
newton,7,newton_s7,253,13.040698,52.5299,243228.0
newton,7,newton_s7,254,14.993171,52.7433,233914.0
newton,7,newton_s7,255,14.266041,52.9554,235389.0
newton,7,newton_s7,256,13.455877,53.1748,234231.0
newton,7,newton_s7,257,14.354197,53.3879,234724.0
newton,7,newton_s7,258,15.361266,53.6009,234502.0
newton,7,newton_s7,259,15.356783,53.8122,236426.0
newton,7,newton_s7,260,15.115837,54.0186,242109.0
newton,7,newton_s7,261,13.863436,54.2292,237250.0
newton,7,newton_s7,262,13.985435,54.4389,238061.0
newton,7,newton_s7,263,14.437767,54.6501,236556.0
newton,7,newton_s7,264,14.881266,54.8630,234629.0
newton,7,newton_s7,265,15.728852,55.0716,239576.0
newton,7,newton_s7,266,15.084586,55.2808,239157.0
newton,7,newton_s7,267,14.423009,55.4911,237732.0
newton,7,newton_s7,268,15.141755,55.7025,236408.0
newton,7,newton_s7,269,14.998867,55.9122,238206.0
newton,7,newton_s7,270,14.671129,56.1251,234533.0
newton,7,newton_s7,271,14.963039,56.3285,245559.0
newton,7,newton_s7,272,15.540453,56.5333,244066.0
newton,7,newton_s7,273,16.104601,56.7349,247576.0
newton,7,newton_s7,274,16.277237,56.9424,240712.0
newton,7,newton_s7,275,16.233099,57.1510,239344.0
newton,7,newton_s7,276,16.367298,57.3630,235557.0
newton,7,newton_s7,277,15.895821,57.5765,233880.0
newton,7,newton_s7,278,16.257004,57.7810,244140.0
newton,7,newton_s7,279,16.732431,57.9879,241369.0
newton,7,newton_s7,280,15.757624,58.1960,240044.0
newton,7,newton_s7,281,15.324797,58.4042,239731.0
newton,7,newton_s7,282,16.134619,58.6129,239269.0
newton,7,newton_s7,283,16.147078,58.8251,235317.0
newton,7,newton_s7,284,15.692158,59.0320,241397.0
newton,7,newton_s7,285,15.393614,59.2369,243689.0
newton,7,newton_s7,286,14.807394,59.4439,241200.0
newton,7,newton_s7,287,15.295162,59.6513,240785.0
newton,7,newton_s7,288,15.833826,59.8546,245766.0
newton,7,newton_s7,289,16.055433,60.0656,236543.0
newton,7,newton_s7,290,15.640682,60.2700,244464.0
newton,7,newton_s7,291,15.688641,60.4757,242700.0
newton,7,newton_s7,292,15.919887,60.6845,239028.0
newton,7,newton_s7,293,15.220164,60.8926,240006.0
newton,7,newton_s7,294,15.021448,61.1011,239453.0
newton,7,newton_s7,295,16.115051,61.3127,236185.0
newton,7,newton_s7,296,16.993294,61.5271,233373.0
newton,7,newton_s7,297,16.550760,61.7414,233413.0
newton,7,newton_s7,298,17.041901,61.9554,233509.0
newton,7,newton_s7,299,15.577344,62.1694,233708.0
newton,8,newton_s8,0,-0.593841,0.0000,47596.0
newton,8,newton_s8,1,-1.003301,0.2129,238251.0
newton,8,newton_s8,2,-1.696060,0.4224,238852.0
newton,8,newton_s8,3,-2.750433,0.6318,239016.0
newton,8,newton_s8,4,-3.849558,0.8447,234817.0
newton,8,newton_s8,5,-4.388969,1.0559,236820.0
newton,8,newton_s8,6,-4.590199,1.2662,237848.0
newton,8,newton_s8,7,-4.798471,1.4763,238483.0
newton,8,newton_s8,8,-5.178389,1.6872,237136.0
newton,8,newton_s8,9,-5.365858,1.8978,237526.0
newton,8,newton_s8,10,-5.489408,2.1036,243395.0
newton,8,newton_s8,11,-5.522353,2.3134,238382.0
newton,8,newton_s8,12,-5.876667,2.5318,235766.0
newton,8,newton_s8,13,-6.129691,2.7420,238470.0
newton,8,newton_s8,14,-6.057363,2.9518,238607.0
newton,8,newton_s8,15,-6.628019,3.1578,242592.0
newton,8,newton_s8,16,-7.064951,3.3653,240682.0
newton,8,newton_s8,17,-6.898515,3.5709,242858.0
newton,8,newton_s8,18,-6.427580,3.7776,241896.0
newton,8,newton_s8,19,-6.605739,3.9855,240263.0
newton,8,newton_s8,20,-7.299483,4.1872,247931.0
newton,8,newton_s8,21,-7.353559,4.3945,240648.0
newton,8,newton_s8,22,-7.262100,4.5998,243642.0
newton,8,newton_s8,23,-7.172012,4.8078,240570.0
newton,8,newton_s8,24,-6.984019,5.0175,238662.0
newton,8,newton_s8,25,-7.319704,5.2198,247437.0
newton,8,newton_s8,26,-7.833572,5.4271,240991.0
newton,8,newton_s8,27,-7.608860,5.6333,242332.0
newton,8,newton_s8,28,-7.903669,5.8404,241714.0
newton,8,newton_s8,29,-8.052189,6.0443,245319.0
newton,8,newton_s8,30,-7.425679,6.2503,242875.0
newton,8,newton_s8,31,-6.850193,6.4561,243109.0
newton,8,newton_s8,32,-6.742291,6.6646,240034.0
newton,8,newton_s8,33,-7.124626,6.8742,238758.0
newton,8,newton_s8,34,-7.051255,7.0796,243549.0
newton,8,newton_s8,35,-6.768680,7.2824,246727.0
newton,8,newton_s8,36,-6.637327,7.4862,245413.0
newton,8,newton_s8,37,-6.040429,7.6919,243283.0
newton,8,newton_s8,38,-6.746425,7.9006,239721.0
newton,8,newton_s8,39,-6.710580,8.1046,245101.0
newton,8,newton_s8,40,-7.343881,8.3061,247986.0
newton,8,newton_s8,41,-7.245733,8.5081,247269.0
newton,8,newton_s8,42,-6.981093,8.7125,244480.0
newton,8,newton_s8,43,-6.769858,8.9172,243837.0
newton,8,newton_s8,44,-5.414964,9.1200,246372.0
newton,8,newton_s8,45,-4.593644,9.3285,239442.0
newton,8,newton_s8,46,-3.200261,9.5355,241259.0
newton,8,newton_s8,47,-3.913650,9.7451,238749.0
newton,8,newton_s8,48,-3.624362,9.9528,240886.0
newton,8,newton_s8,49,-2.716824,10.1573,244656.0
newton,8,newton_s8,50,-1.629233,10.3651,240390.0
newton,8,newton_s8,51,-0.577245,10.5746,240942.0
newton,8,newton_s8,52,-0.410388,10.7802,242887.0
newton,8,newton_s8,53,-0.338515,10.9871,241425.0
newton,8,newton_s8,54,-0.388426,11.1961,238973.0
newton,8,newton_s8,55,-0.401543,11.3995,245511.0
newton,8,newton_s8,56,0.618548,11.6008,248096.0
newton,8,newton_s8,57,1.933933,11.8079,241213.0
newton,8,newton_s8,58,1.819387,12.0160,239970.0
newton,8,newton_s8,59,1.350700,12.2186,246644.0
newton,8,newton_s8,60,1.145046,12.4257,241122.0
newton,8,newton_s8,61,1.137176,12.6275,247560.0
newton,8,newton_s8,62,1.692957,12.8320,244329.0
newton,8,newton_s8,63,2.806669,13.0379,243085.0
newton,8,newton_s8,64,3.345323,13.2418,245344.0
newton,8,newton_s8,65,3.207429,13.4481,242554.0
newton,8,newton_s8,66,3.559460,13.6538,243184.0
newton,8,newton_s8,67,4.266084,13.8542,249917.0
newton,8,newton_s8,68,4.261860,14.0607,242159.0
newton,8,newton_s8,69,3.818132,14.2639,246344.0
newton,8,newton_s8,70,3.904789,14.4674,246156.0
newton,8,newton_s8,71,3.979802,14.6756,240442.0
newton,8,newton_s8,72,3.581436,14.8805,244352.0
newton,8,newton_s8,73,3.660397,15.0848,244735.0
newton,8,newton_s8,74,5.306309,15.2923,241264.0
newton,8,newton_s8,75,6.579029,15.4990,242085.0
newton,8,newton_s8,76,6.376242,15.7010,247397.0
newton,8,newton_s8,77,6.412074,15.8997,251711.0
newton,8,newton_s8,78,5.481940,16.1090,238868.0
newton,8,newton_s8,79,5.686550,16.3127,245334.0
newton,8,newton_s8,80,4.831389,16.5170,244624.0
newton,8,newton_s8,81,5.424234,16.7177,249149.0
newton,8,newton_s8,82,6.277223,16.9200,247365.0
newton,8,newton_s8,83,6.719638,17.1227,246553.0
newton,8,newton_s8,84,5.636062,17.3248,247467.0
newton,8,newton_s8,85,5.634407,17.5259,248411.0
newton,8,newton_s8,86,6.670023,17.7322,242086.0
newton,8,newton_s8,87,8.065012,17.9408,239419.0
newton,8,newton_s8,88,6.855689,18.1473,241722.0
newton,8,newton_s8,89,7.157577,18.3571,237982.0
newton,8,newton_s8,90,6.974758,18.5613,244573.0
newton,8,newton_s8,91,7.139263,18.7652,244990.0
newton,8,newton_s8,92,6.910635,18.9697,244357.0
newton,8,newton_s8,93,6.681296,19.1779,240137.0
newton,8,newton_s8,94,6.450352,19.3831,243440.0
newton,8,newton_s8,95,7.282229,19.5926,238541.0
newton,8,newton_s8,96,8.335382,19.8027,237713.0
newton,8,newton_s8,97,8.980336,20.0016,251110.0
newton,8,newton_s8,98,7.632194,20.2079,242036.0
newton,8,newton_s8,99,7.307718,20.4137,242640.0
newton,8,newton_s8,100,7.736175,20.6228,238942.0
newton,8,newton_s8,101,7.468352,20.8281,246008.0
newton,8,newton_s8,102,7.868668,21.0338,242855.0
newton,8,newton_s8,103,8.288783,21.2362,246776.0
newton,8,newton_s8,104,8.341713,21.4404,244735.0
newton,8,newton_s8,105,8.565430,21.6439,245492.0
newton,8,newton_s8,106,8.761595,21.8489,243611.0
newton,8,newton_s8,107,8.856687,22.0606,235908.0
newton,8,newton_s8,108,8.328238,22.2651,244564.0
newton,8,newton_s8,109,9.640126,22.4713,242328.0
newton,8,newton_s8,110,9.609999,22.6788,240978.0
newton,8,newton_s8,111,8.090104,22.8823,245748.0
newton,8,newton_s8,112,8.240760,23.0866,244785.0
newton,8,newton_s8,113,8.724243,23.2920,243421.0
newton,8,newton_s8,114,8.342562,23.4997,240594.0
newton,8,newton_s8,115,8.585060,23.7079,240108.0
newton,8,newton_s8,116,10.640459,23.9157,240651.0
newton,8,newton_s8,117,9.821476,24.1245,239091.0
newton,8,newton_s8,118,9.349187,24.3296,243628.0
newton,8,newton_s8,119,9.168393,24.5352,243007.0
newton,8,newton_s8,120,8.295690,24.7440,239111.0
newton,8,newton_s8,121,8.848732,24.9515,240661.0
newton,8,newton_s8,122,8.438188,25.1613,238060.0
newton,8,newton_s8,123,8.751543,25.3617,249437.0
newton,8,newton_s8,124,8.449698,25.5661,244652.0
newton,8,newton_s8,125,7.678320,25.7668,249122.0
newton,8,newton_s8,126,7.402250,25.9805,233972.0
newton,8,newton_s8,127,7.866351,26.1872,241921.0
newton,8,newton_s8,128,9.114038,26.3964,238888.0
newton,8,newton_s8,129,10.142148,26.6077,236389.0
newton,8,newton_s8,130,9.257591,26.8178,237933.0
newton,8,newton_s8,131,9.761827,27.0282,237632.0
newton,8,newton_s8,132,9.880081,27.2342,242501.0
newton,8,newton_s8,133,8.201769,27.4433,238928.0
newton,8,newton_s8,134,8.409181,27.6534,237870.0
newton,8,newton_s8,135,9.031808,27.8610,240637.0
newton,8,newton_s8,136,8.980251,28.0718,236785.0
newton,8,newton_s8,137,9.710251,28.2838,235793.0
newton,8,newton_s8,138,9.420974,28.4924,239611.0
newton,8,newton_s8,139,9.706183,28.6975,243616.0
newton,8,newton_s8,140,9.721348,28.9085,236801.0
newton,8,newton_s8,141,9.260174,29.1175,239179.0
newton,8,newton_s8,142,9.806885,29.3263,239319.0
newton,8,newton_s8,143,9.526118,29.5306,244582.0
newton,8,newton_s8,144,9.855375,29.7380,240794.0
newton,8,newton_s8,145,10.695318,29.9391,248709.0
newton,8,newton_s8,146,10.218860,30.1433,244857.0
newton,8,newton_s8,147,10.272237,30.3466,245827.0
newton,8,newton_s8,148,10.225397,30.5536,241294.0
newton,8,newton_s8,149,9.622483,30.7627,239226.0
newton,8,newton_s8,150,9.495668,30.9642,247889.0
newton,8,newton_s8,151,9.734616,31.1798,241556.0
newton,8,newton_s8,152,10.405192,31.3849,243953.0
newton,8,newton_s8,153,10.356814,31.5948,238092.0
newton,8,newton_s8,154,10.496786,31.8019,241409.0
newton,8,newton_s8,155,11.012576,32.0091,241187.0
newton,8,newton_s8,156,10.400215,32.2154,242264.0
newton,8,newton_s8,157,10.359991,32.4203,243812.0
newton,8,newton_s8,158,11.143063,32.6283,240318.0
newton,8,newton_s8,159,11.190946,32.8351,241420.0
newton,8,newton_s8,160,10.591278,33.0393,244555.0
newton,8,newton_s8,161,11.312942,33.2445,243286.0
newton,8,newton_s8,162,10.660190,33.4536,239596.0
newton,8,newton_s8,163,11.553009,33.6613,240461.0
newton,8,newton_s8,164,11.104072,33.8676,241980.0
newton,8,newton_s8,165,10.945964,34.0682,249012.0
newton,8,newton_s8,166,10.896565,34.2726,244276.0
newton,8,newton_s8,167,10.744859,34.4769,244392.0
newton,8,newton_s8,168,11.633657,34.6845,240642.0
newton,8,newton_s8,169,11.951038,34.8872,246416.0
newton,8,newton_s8,170,10.806472,35.0954,239840.0
newton,8,newton_s8,171,11.737326,35.3025,241022.0
newton,8,newton_s8,172,10.984875,35.5125,237751.0
newton,8,newton_s8,173,12.540162,35.7185,242528.0
newton,8,newton_s8,174,12.292097,35.9238,243258.0
newton,8,newton_s8,175,12.240710,36.1297,242610.0
newton,8,newton_s8,176,11.438440,36.3396,237754.0
newton,8,newton_s8,177,11.856003,36.5473,240439.0
newton,8,newton_s8,178,12.586156,36.7576,237424.0
newton,8,newton_s8,179,12.704216,36.9690,236169.0
newton,8,newton_s8,180,11.411291,37.1724,245585.0
newton,8,newton_s8,181,10.903912,37.3761,245176.0
newton,8,newton_s8,182,11.698829,37.5861,237765.0
newton,8,newton_s8,183,12.039268,37.7944,239791.0
newton,8,newton_s8,184,11.867161,38.0006,242133.0
newton,8,newton_s8,185,11.279321,38.2077,241044.0
newton,8,newton_s8,186,11.728906,38.4106,246120.0
newton,8,newton_s8,187,11.508897,38.6145,244775.0
newton,8,newton_s8,188,11.346546,38.8191,244188.0
newton,8,newton_s8,189,10.914818,39.0236,244202.0
newton,8,newton_s8,190,12.688222,39.2307,241062.0
newton,8,newton_s8,191,13.285292,39.4376,241378.0
newton,8,newton_s8,192,12.114423,39.6404,246472.0
newton,8,newton_s8,193,11.213914,39.8475,241128.0
newton,8,newton_s8,194,11.258089,40.0563,239158.0
newton,8,newton_s8,195,12.067386,40.2603,244768.0
newton,8,newton_s8,196,11.702502,40.4693,238950.0
newton,8,newton_s8,197,10.891328,40.6742,243732.0
newton,8,newton_s8,198,11.265634,40.8875,241925.0
newton,8,newton_s8,199,11.404887,41.0973,237967.0
newton,8,newton_s8,200,11.756943,41.3052,240305.0
newton,8,newton_s8,201,12.248292,41.5177,237436.0
newton,8,newton_s8,202,11.883744,41.7250,240899.0
newton,8,newton_s8,203,12.362231,41.9418,230158.0
newton,8,newton_s8,204,13.061731,42.1551,234206.0
newton,8,newton_s8,205,13.111676,42.3677,235300.0
newton,8,newton_s8,206,11.987571,42.5730,243539.0
newton,8,newton_s8,207,12.658897,42.7788,243217.0
newton,8,newton_s8,208,12.706968,42.9829,244708.0
newton,8,newton_s8,209,11.836193,43.1892,242044.0
newton,8,newton_s8,210,11.640567,43.3941,243752.0
newton,8,newton_s8,211,11.927193,43.6027,239450.0
newton,8,newton_s8,212,12.513124,43.8116,239042.0
newton,8,newton_s8,213,12.414812,44.0211,238297.0
newton,8,newton_s8,214,12.291702,44.2321,236672.0
newton,8,newton_s8,215,12.077098,44.4364,244315.0
newton,8,newton_s8,216,12.741276,44.6411,243913.0
newton,8,newton_s8,217,12.417459,44.8492,240038.0
newton,8,newton_s8,218,12.312558,45.0604,236412.0
newton,8,newton_s8,219,12.239899,45.2668,241912.0
newton,8,newton_s8,220,12.936769,45.4767,237856.0
newton,8,newton_s8,221,12.961133,45.6877,236684.0
newton,8,newton_s8,222,12.553890,45.8952,248331.0
newton,8,newton_s8,223,13.313293,46.1031,240363.0
newton,8,newton_s8,224,13.347789,46.3115,239637.0
newton,8,newton_s8,225,13.395702,46.5196,239917.0
newton,8,newton_s8,226,13.084704,46.7229,245841.0
newton,8,newton_s8,227,12.422536,46.9390,231533.0
newton,8,newton_s8,228,12.027122,47.1433,244675.0
newton,8,newton_s8,229,12.629724,47.3515,239933.0
newton,8,newton_s8,230,13.467315,47.5567,243357.0
newton,8,newton_s8,231,13.715769,47.7611,244411.0
newton,8,newton_s8,232,13.339316,47.9707,238172.0
newton,8,newton_s8,233,13.487913,48.1758,243630.0
newton,8,newton_s8,234,13.184961,48.3836,240299.0
newton,8,newton_s8,235,13.618526,48.5915,240121.0
newton,8,newton_s8,236,13.618517,48.8004,239176.0
newton,8,newton_s8,237,13.584240,49.0065,242259.0
newton,8,newton_s8,238,14.060291,49.2138,240872.0
newton,8,newton_s8,239,13.465473,49.4216,240286.0
newton,8,newton_s8,240,12.315075,49.6299,239841.0
newton,8,newton_s8,241,14.055934,49.8399,237626.0
newton,8,newton_s8,242,13.692402,50.0488,239042.0
newton,8,newton_s8,243,11.937102,50.2607,235609.0
newton,8,newton_s8,244,12.308671,50.4669,242145.0
newton,8,newton_s8,245,13.297935,50.6772,237365.0
newton,8,newton_s8,246,13.926771,50.8891,235739.0
newton,8,newton_s8,247,13.567663,51.0977,239309.0
newton,8,newton_s8,248,12.866822,51.3023,244060.0
newton,8,newton_s8,249,12.688785,51.5085,241982.0
newton,8,newton_s8,250,13.114100,51.7118,245644.0
newton,8,newton_s8,251,13.710839,51.9243,237389.0
newton,8,newton_s8,252,14.207284,52.1348,244821.0
newton,8,newton_s8,253,13.842138,52.3448,237856.0
newton,8,newton_s8,254,13.054682,52.5553,237150.0
newton,8,newton_s8,255,14.761662,52.7660,237068.0
newton,8,newton_s8,256,15.227438,52.9795,233895.0
newton,8,newton_s8,257,14.470561,53.1867,241045.0
newton,8,newton_s8,258,13.060748,53.3954,239110.0
newton,8,newton_s8,259,14.446688,53.6058,237318.0
newton,8,newton_s8,260,13.591032,53.8157,237944.0
newton,8,newton_s8,261,13.334345,54.0261,237442.0
newton,8,newton_s8,262,13.934129,54.2392,234246.0
newton,8,newton_s8,263,13.514273,54.4463,241167.0
newton,8,newton_s8,264,14.115721,54.6498,245412.0
newton,8,newton_s8,265,14.035452,54.8609,236511.0
newton,8,newton_s8,266,13.197975,55.0700,238923.0
newton,8,newton_s8,267,13.429195,55.2775,240753.0
newton,8,newton_s8,268,13.077616,55.4841,242015.0
newton,8,newton_s8,269,14.016491,55.6924,240096.0
newton,8,newton_s8,270,13.554148,55.8937,248160.0
newton,8,newton_s8,271,11.723150,56.1011,240646.0
newton,8,newton_s8,272,12.032144,56.3098,239393.0
newton,8,newton_s8,273,13.320544,56.5186,239220.0
newton,8,newton_s8,274,14.390934,56.7288,237424.0
newton,8,newton_s8,275,14.219292,56.9342,243207.0
newton,8,newton_s8,276,15.106421,57.1517,237191.0
newton,8,newton_s8,277,15.275584,57.3605,239192.0
newton,8,newton_s8,278,14.707623,57.5717,236355.0
newton,8,newton_s8,279,14.430977,57.7793,240567.0
newton,8,newton_s8,280,14.067152,57.9857,241991.0
newton,8,newton_s8,281,15.209465,58.1974,235789.0
newton,8,newton_s8,282,15.269540,58.4057,239686.0
newton,8,newton_s8,283,14.521227,58.6183,234790.0
newton,8,newton_s8,284,14.243039,58.8260,240479.0
newton,8,newton_s8,285,14.176812,59.0345,239462.0
newton,8,newton_s8,286,14.286785,59.2455,236568.0
newton,8,newton_s8,287,14.324426,59.4565,236714.0
newton,8,newton_s8,288,13.991040,59.6668,237607.0
newton,8,newton_s8,289,15.494168,59.8718,243603.0
newton,8,newton_s8,290,15.866788,60.0790,240983.0
newton,8,newton_s8,291,15.116016,60.2901,236517.0
newton,8,newton_s8,292,14.373955,60.4972,241052.0
newton,8,newton_s8,293,14.649020,60.7072,237601.0
newton,8,newton_s8,294,15.425043,60.9137,241832.0
newton,8,newton_s8,295,16.426409,61.1240,237432.0
newton,8,newton_s8,296,15.980514,61.3360,235531.0
newton,8,newton_s8,297,16.518185,61.5499,233303.0
newton,8,newton_s8,298,16.140287,61.7582,239798.0
newton,8,newton_s8,299,15.828747,61.9702,235545.0
newton,9,newton_s9,0,-0.492608,0.0000,47534.0
newton,9,newton_s9,1,-0.955690,0.2137,237499.0
newton,9,newton_s9,2,-1.617653,0.4236,238477.0
newton,9,newton_s9,3,-2.556324,0.6339,237990.0
newton,9,newton_s9,4,-3.490632,0.8445,237554.0
newton,9,newton_s9,5,-3.975872,1.0491,244546.0
newton,9,newton_s9,6,-4.251114,1.2602,236961.0
newton,9,newton_s9,7,-4.753770,1.4700,238289.0
newton,9,newton_s9,8,-4.857730,1.6847,233231.0
newton,9,newton_s9,9,-5.350599,1.8943,238641.0
newton,9,newton_s9,10,-5.395076,2.0953,249316.0
newton,9,newton_s9,11,-5.666753,2.2994,244813.0
newton,9,newton_s9,12,-6.003909,2.5075,240509.0
newton,9,newton_s9,13,-6.113555,2.7192,236334.0
newton,9,newton_s9,14,-6.459379,2.9256,242397.0
newton,9,newton_s9,15,-6.682034,3.1353,238671.0
newton,9,newton_s9,16,-6.899081,3.3452,238208.0
newton,9,newton_s9,17,-6.825411,3.5499,244014.0
newton,9,newton_s9,18,-6.872110,3.7542,245073.0
newton,9,newton_s9,19,-6.623592,3.9592,243993.0
newton,9,newton_s9,20,-7.313403,4.1695,237586.0
newton,9,newton_s9,21,-7.744252,4.3785,238945.0
newton,9,newton_s9,22,-7.510891,4.5854,241771.0
newton,9,newton_s9,23,-7.260200,4.7955,238203.0
newton,9,newton_s9,24,-7.920984,5.0037,240630.0
newton,9,newton_s9,25,-8.204789,5.2097,242847.0
newton,9,newton_s9,26,-7.915787,5.4142,244753.0
newton,9,newton_s9,27,-7.261014,5.6245,237507.0
newton,9,newton_s9,28,-7.412974,5.8392,233094.0
newton,9,newton_s9,29,-7.359344,6.0461,241896.0
newton,9,newton_s9,30,-7.037691,6.2484,247311.0
newton,9,newton_s9,31,-7.026811,6.4521,245713.0
newton,9,newton_s9,32,-6.802437,6.6553,246241.0
newton,9,newton_s9,33,-6.407177,6.8588,245939.0
newton,9,newton_s9,34,-6.673624,7.0630,245111.0
newton,9,newton_s9,35,-7.249782,7.2699,241677.0
newton,9,newton_s9,36,-6.939529,7.4768,241773.0
newton,9,newton_s9,37,-7.162290,7.6817,244244.0
newton,9,newton_s9,38,-7.174170,7.8865,244309.0
newton,9,newton_s9,39,-8.085331,8.0923,243123.0
newton,9,newton_s9,40,-7.172192,8.2974,243928.0
newton,9,newton_s9,41,-6.665844,8.5043,241886.0
newton,9,newton_s9,42,-7.406786,8.7095,243495.0
newton,9,newton_s9,43,-6.110181,8.9152,242897.0
newton,9,newton_s9,44,-4.835723,9.1227,240681.0
newton,9,newton_s9,45,-5.058314,9.3311,239618.0
newton,9,newton_s9,46,-4.572925,9.5352,244779.0
newton,9,newton_s9,47,-3.062527,9.7445,239028.0
newton,9,newton_s9,48,-2.409415,9.9584,233426.0
newton,9,newton_s9,49,-2.298061,10.1729,232771.0
newton,9,newton_s9,50,-1.719638,10.3873,232916.0
newton,9,newton_s9,51,-1.644997,10.5989,238536.0
newton,9,newton_s9,52,-1.427524,10.8001,248111.0
newton,9,newton_s9,53,-0.752639,11.0073,240961.0
newton,9,newton_s9,54,-0.735979,11.2119,244586.0
newton,9,newton_s9,55,0.235547,11.4206,239972.0
newton,9,newton_s9,56,0.030964,11.6243,245970.0
newton,9,newton_s9,57,-0.380604,11.8310,242037.0
newton,9,newton_s9,58,0.887715,12.0342,246199.0
newton,9,newton_s9,59,2.417804,12.2365,247343.0
newton,9,newton_s9,60,3.450654,12.4449,240249.0
newton,9,newton_s9,61,3.884216,12.6544,240878.0
newton,9,newton_s9,62,2.590968,12.8646,238246.0
newton,9,newton_s9,63,1.067089,13.0713,242576.0
newton,9,newton_s9,64,2.141075,13.2795,240426.0
newton,9,newton_s9,65,3.816688,13.4921,235213.0
newton,9,newton_s9,66,3.069220,13.7012,239463.0
newton,9,newton_s9,67,2.830057,13.9070,242696.0
newton,9,newton_s9,68,3.333713,14.1110,245314.0
newton,9,newton_s9,69,3.007607,14.3194,239889.0
newton,9,newton_s9,70,3.737813,14.5314,235561.0
newton,9,newton_s9,71,4.308462,14.7343,246191.0
newton,9,newton_s9,72,4.217081,14.9364,247225.0
newton,9,newton_s9,73,4.094472,15.1387,246879.0
newton,9,newton_s9,74,3.752746,15.3395,249090.0
newton,9,newton_s9,75,4.192570,15.5437,245043.0
newton,9,newton_s9,76,4.890590,15.7519,240271.0
newton,9,newton_s9,77,5.126505,15.9558,245537.0
newton,9,newton_s9,78,5.984318,16.1623,242004.0
newton,9,newton_s9,79,5.568298,16.3660,245369.0
newton,9,newton_s9,80,5.379649,16.5708,243924.0
newton,9,newton_s9,81,6.020863,16.7817,236728.0
newton,9,newton_s9,82,5.267548,16.9878,242462.0
newton,9,newton_s9,83,6.980071,17.1877,249912.0
newton,9,newton_s9,84,6.394717,17.3932,243376.0
newton,9,newton_s9,85,5.912452,17.6044,236877.0
newton,9,newton_s9,86,6.335880,17.8126,240038.0
newton,9,newton_s9,87,6.780832,18.0245,235680.0
newton,9,newton_s9,88,6.839805,18.2365,235641.0
newton,9,newton_s9,89,7.542724,18.4464,238248.0
newton,9,newton_s9,90,8.067265,18.6554,239474.0
newton,9,newton_s9,91,7.027311,18.8656,238115.0
newton,9,newton_s9,92,7.211917,19.0746,239807.0
newton,9,newton_s9,93,7.507606,19.2756,248874.0
newton,9,newton_s9,94,7.621953,19.4786,246090.0
newton,9,newton_s9,95,8.153052,19.6849,242232.0
newton,9,newton_s9,96,7.278963,19.8939,239107.0
newton,9,newton_s9,97,6.517804,20.1031,238759.0
newton,9,newton_s9,98,6.667720,20.3028,250198.0
newton,9,newton_s9,99,7.581138,20.5120,238687.0
newton,9,newton_s9,100,7.895631,20.7140,247450.0
newton,9,newton_s9,101,7.402320,20.9291,242012.0
newton,9,newton_s9,102,7.384166,21.1368,240856.0
newton,9,newton_s9,103,7.234063,21.3423,243137.0
newton,9,newton_s9,104,7.615592,21.5519,238693.0
newton,9,newton_s9,105,8.218801,21.7583,242395.0
newton,9,newton_s9,106,7.454890,21.9684,238170.0
newton,9,newton_s9,107,8.264588,22.1787,237925.0
newton,9,newton_s9,108,8.967211,22.3832,244782.0
newton,9,newton_s9,109,8.223162,22.5857,247196.0
newton,9,newton_s9,110,7.759067,22.7922,242315.0
newton,9,newton_s9,111,8.083658,23.0010,239512.0
newton,9,newton_s9,112,8.437025,23.2107,238606.0
newton,9,newton_s9,113,8.523046,23.4132,247093.0
newton,9,newton_s9,114,8.954797,23.6201,241803.0
newton,9,newton_s9,115,8.711221,23.8236,245571.0
newton,9,newton_s9,116,8.720986,24.0282,244552.0
newton,9,newton_s9,117,8.822513,24.2340,242829.0
newton,9,newton_s9,118,8.206932,24.4404,241929.0
newton,9,newton_s9,119,8.515617,24.6421,247728.0
newton,9,newton_s9,120,8.590907,24.8497,240570.0
newton,9,newton_s9,121,8.874954,25.0591,238973.0
newton,9,newton_s9,122,9.478496,25.2618,246873.0
newton,9,newton_s9,123,9.581387,25.4707,239413.0
newton,9,newton_s9,124,9.629192,25.6766,243145.0
newton,9,newton_s9,125,9.863442,25.8782,248311.0
newton,9,newton_s9,126,9.723013,26.0874,239653.0
newton,9,newton_s9,127,9.651553,26.2961,239239.0
newton,9,newton_s9,128,9.920740,26.5058,238592.0
newton,9,newton_s9,129,10.443650,26.7171,236350.0
newton,9,newton_s9,130,10.691250,26.9219,243830.0
newton,9,newton_s9,131,10.381354,27.1327,236968.0
newton,9,newton_s9,132,9.255403,27.3398,241306.0
newton,9,newton_s9,133,8.804850,27.5490,238716.0
newton,9,newton_s9,134,9.349133,27.7547,242909.0
newton,9,newton_s9,135,10.261485,27.9521,252970.0
newton,9,newton_s9,136,10.051006,28.1563,244695.0
newton,9,newton_s9,137,10.607233,28.3644,240156.0
newton,9,newton_s9,138,10.198031,28.5745,237765.0
newton,9,newton_s9,139,9.391191,28.7812,241792.0
newton,9,newton_s9,140,9.032142,28.9873,242543.0
newton,9,newton_s9,141,10.105965,29.1984,236736.0
newton,9,newton_s9,142,11.220644,29.4029,244541.0
newton,9,newton_s9,143,11.099716,29.6094,242053.0
newton,9,newton_s9,144,10.395771,29.8159,242018.0
newton,9,newton_s9,145,10.243317,30.0272,236577.0
newton,9,newton_s9,146,10.175117,30.2382,236927.0
newton,9,newton_s9,147,10.265252,30.4474,238878.0
newton,9,newton_s9,148,9.703380,30.6588,236330.0
newton,9,newton_s9,149,10.166696,30.8688,238076.0
newton,9,newton_s9,150,11.378022,31.0819,241796.0
newton,9,newton_s9,151,11.182306,31.2909,242005.0
newton,9,newton_s9,152,10.324103,31.4987,240413.0
newton,9,newton_s9,153,10.964195,31.7111,235197.0
newton,9,newton_s9,154,11.020692,31.9179,241592.0
newton,9,newton_s9,155,10.698042,32.1270,238792.0
newton,9,newton_s9,156,10.314253,32.3360,238990.0
newton,9,newton_s9,157,10.396758,32.5449,239016.0
newton,9,newton_s9,158,10.285422,32.7477,246356.0
newton,9,newton_s9,159,10.666154,32.9581,237388.0
newton,9,newton_s9,160,11.102440,33.1701,235546.0
newton,9,newton_s9,161,10.195864,33.3804,237419.0
newton,9,newton_s9,162,9.722642,33.5934,234310.0
newton,9,newton_s9,163,9.820115,33.7979,244156.0
newton,9,newton_s9,164,10.544039,34.0049,241338.0
newton,9,newton_s9,165,10.254575,34.2118,241414.0
newton,9,newton_s9,166,9.978085,34.4196,240370.0
newton,9,newton_s9,167,10.344015,34.6221,246643.0
newton,9,newton_s9,168,10.808974,34.8270,243784.0
newton,9,newton_s9,169,11.637536,35.0356,239421.0
newton,9,newton_s9,170,11.604863,35.2449,238578.0
newton,9,newton_s9,171,11.101899,35.4495,244066.0
newton,9,newton_s9,172,10.513419,35.6599,237380.0
newton,9,newton_s9,173,10.559452,35.8700,237774.0
newton,9,newton_s9,174,11.968404,36.0848,239640.0
newton,9,newton_s9,175,11.455359,36.2938,239348.0
newton,9,newton_s9,176,11.765267,36.5010,241013.0
newton,9,newton_s9,177,12.382068,36.7034,246826.0
newton,9,newton_s9,178,10.984579,36.9109,240781.0
newton,9,newton_s9,179,10.473442,37.1150,244635.0
newton,9,newton_s9,180,11.305978,37.3238,239212.0
newton,9,newton_s9,181,11.321154,37.5319,240015.0
newton,9,newton_s9,182,11.450139,37.7388,241743.0
newton,9,newton_s9,183,11.797951,37.9426,245134.0
newton,9,newton_s9,184,11.975271,38.1464,245074.0
newton,9,newton_s9,185,11.755142,38.3542,240319.0
newton,9,newton_s9,186,12.372444,38.5620,240394.0
newton,9,newton_s9,187,11.663668,38.7719,237924.0
newton,9,newton_s9,188,12.556463,38.9786,241610.0
newton,9,newton_s9,189,13.088231,39.1865,240128.0
newton,9,newton_s9,190,12.435603,39.3969,237347.0
newton,9,newton_s9,191,12.372796,39.6034,241837.0
newton,9,newton_s9,192,12.276951,39.8092,242840.0
newton,9,newton_s9,193,12.491866,40.0111,247436.0
newton,9,newton_s9,194,12.868913,40.2193,239932.0
newton,9,newton_s9,195,12.172791,40.4316,235580.0
newton,9,newton_s9,196,12.082856,40.6382,242287.0
newton,9,newton_s9,197,12.491141,40.8444,242784.0
newton,9,newton_s9,198,12.905991,41.0494,243930.0
newton,9,newton_s9,199,13.062071,41.2590,246050.0
newton,9,newton_s9,200,13.298808,41.4634,245136.0
newton,9,newton_s9,201,13.642766,41.6751,238656.0
newton,9,newton_s9,202,12.718978,41.8775,246918.0
newton,9,newton_s9,203,12.220215,42.0855,240394.0
newton,9,newton_s9,204,12.506596,42.2930,240896.0
newton,9,newton_s9,205,12.533405,42.5072,233399.0
newton,9,newton_s9,206,12.601057,42.7186,236371.0
newton,9,newton_s9,207,12.468161,42.9306,235580.0
newton,9,newton_s9,208,11.394856,43.1349,244518.0
newton,9,newton_s9,209,12.396621,43.3409,242271.0
newton,9,newton_s9,210,12.156363,43.5525,236127.0
newton,9,newton_s9,211,12.369680,43.7632,237013.0
newton,9,newton_s9,212,13.216039,43.9747,236158.0
newton,9,newton_s9,213,13.119480,44.1807,242474.0
newton,9,newton_s9,214,12.297853,44.3933,234717.0
newton,9,newton_s9,215,14.292077,44.6043,236758.0
newton,9,newton_s9,216,14.192756,44.8135,238691.0
newton,9,newton_s9,217,12.713265,45.0207,241011.0
newton,9,newton_s9,218,12.569546,45.2249,244803.0
newton,9,newton_s9,219,12.474692,45.4283,245706.0
newton,9,newton_s9,220,12.416404,45.6354,241311.0
newton,9,newton_s9,221,13.436263,45.8474,235808.0
newton,9,newton_s9,222,13.767482,46.0590,236377.0
newton,9,newton_s9,223,12.652498,46.2707,244029.0
newton,9,newton_s9,224,12.828335,46.4845,234431.0
newton,9,newton_s9,225,13.043338,46.6868,247025.0
newton,9,newton_s9,226,12.668316,46.8956,239304.0
newton,9,newton_s9,227,13.050765,47.1034,240610.0
newton,9,newton_s9,228,13.579766,47.3127,238830.0
newton,9,newton_s9,229,13.668819,47.5240,236378.0
newton,9,newton_s9,230,14.195963,47.7307,241686.0
newton,9,newton_s9,231,15.385937,47.9435,235370.0
newton,9,newton_s9,232,14.253450,48.1568,234334.0
newton,9,newton_s9,233,13.299996,48.3636,241697.0
newton,9,newton_s9,234,12.962784,48.5680,244358.0
newton,9,newton_s9,235,13.247553,48.7765,239461.0
newton,9,newton_s9,236,13.996449,48.9837,241061.0
newton,9,newton_s9,237,14.557119,49.1940,237395.0
newton,9,newton_s9,238,14.373118,49.3998,242636.0
newton,9,newton_s9,239,13.787657,49.6086,239231.0
newton,9,newton_s9,240,13.233029,49.8123,245536.0
newton,9,newton_s9,241,14.175886,50.0148,246726.0
newton,9,newton_s9,242,14.315657,50.2233,239941.0
newton,9,newton_s9,243,14.391558,50.4318,240067.0
newton,9,newton_s9,244,14.838626,50.6376,242760.0
newton,9,newton_s9,245,14.613768,50.8510,234207.0
newton,9,newton_s9,246,14.218142,51.0590,240339.0
newton,9,newton_s9,247,13.898888,51.2739,239607.0
newton,9,newton_s9,248,14.535287,51.4867,234921.0
newton,9,newton_s9,249,15.006848,51.6979,236736.0
newton,9,newton_s9,250,14.504460,51.9039,242720.0
newton,9,newton_s9,251,14.534945,52.1186,235185.0
newton,9,newton_s9,252,14.464699,52.3290,237444.0
newton,9,newton_s9,253,15.279364,52.5394,237549.0
newton,9,newton_s9,254,15.321715,52.7486,239032.0
newton,9,newton_s9,255,14.741894,52.9576,239031.0
newton,9,newton_s9,256,14.772396,53.1694,235771.0
newton,9,newton_s9,257,14.971091,53.3779,239709.0
newton,9,newton_s9,258,15.888989,53.5889,237095.0
newton,9,newton_s9,259,15.415160,53.7968,240622.0
newton,9,newton_s9,260,14.744317,53.9980,248784.0
newton,9,newton_s9,261,15.416177,54.2086,237232.0
newton,9,newton_s9,262,15.916564,54.4171,239907.0
newton,9,newton_s9,263,15.897442,54.6290,236157.0
newton,9,newton_s9,264,16.261236,54.8368,240721.0
newton,9,newton_s9,265,17.229044,55.0449,240332.0
newton,9,newton_s9,266,16.253571,55.2543,238387.0
newton,9,newton_s9,267,15.776560,55.4545,249449.0
newton,9,newton_s9,268,16.208883,55.6620,240680.0
newton,9,newton_s9,269,16.089014,55.8711,238886.0
newton,9,newton_s9,270,15.927857,56.0825,236265.0
newton,9,newton_s9,271,16.324118,56.2961,233924.0
newton,9,newton_s9,272,16.294209,56.5061,237791.0
newton,9,newton_s9,273,15.553817,56.7182,235535.0
newton,9,newton_s9,274,15.543289,56.9291,237007.0
newton,9,newton_s9,275,16.276957,57.1369,240438.0
newton,9,newton_s9,276,16.298580,57.3434,241925.0
newton,9,newton_s9,277,16.846821,57.5517,239980.0
newton,9,newton_s9,278,16.719425,57.7643,234999.0
newton,9,newton_s9,279,16.624260,57.9739,238231.0
newton,9,newton_s9,280,16.443937,58.1813,240834.0
newton,9,newton_s9,281,16.751568,58.3921,237042.0
newton,9,newton_s9,282,16.457937,58.5976,243101.0
newton,9,newton_s9,283,16.068989,58.8043,241707.0
newton,9,newton_s9,284,16.527987,59.0129,239335.0
newton,9,newton_s9,285,17.073477,59.2213,239645.0
newton,9,newton_s9,286,16.863770,59.4300,239197.0
newton,9,newton_s9,287,17.588833,59.6384,239677.0
newton,9,newton_s9,288,17.666239,59.8475,238976.0
newton,9,newton_s9,289,17.622038,60.0557,239855.0
newton,9,newton_s9,290,17.341326,60.2667,236703.0
newton,9,newton_s9,291,17.712881,60.4768,237595.0
newton,9,newton_s9,292,17.501900,60.6840,241113.0
newton,9,newton_s9,293,16.125854,60.8938,237959.0
newton,9,newton_s9,294,15.917077,61.1059,235517.0
newton,9,newton_s9,295,16.628439,61.3236,236659.0
newton,9,newton_s9,296,15.842193,61.5300,242023.0
newton,9,newton_s9,297,16.166508,61.7459,231291.0
newton,9,newton_s9,298,16.682274,61.9554,238370.0
newton,9,newton_s9,299,17.087582,62.1649,238385.0
